Chr,Start,End,Ref,Alt,Func.refGene,Gene.refGene,GeneDetail.refGene,ExonicFunc.refGene,AAChange.refGene,ExAC_ALL,ExAC_AFR,ExAC_AMR,ExAC_EAS,ExAC_FIN,ExAC_NFE,ExAC_OTH,ExAC_SAS,SIFT_score,SIFT_converted_rankscore,SIFT_pred,Polyphen2_HDIV_score,Polyphen2_HDIV_rankscore,Polyphen2_HDIV_pred,Polyphen2_HVAR_score,Polyphen2_HVAR_rankscore,Polyphen2_HVAR_pred,LRT_score,LRT_converted_rankscore,LRT_pred,MutationTaster_score,MutationTaster_converted_rankscore,MutationTaster_pred,MutationAssessor_score,MutationAssessor_score_rankscore,MutationAssessor_pred,FATHMM_score,FATHMM_converted_rankscore,FATHMM_pred,PROVEAN_score,PROVEAN_converted_rankscore,PROVEAN_pred,VEST3_score,VEST3_rankscore,MetaSVM_score,MetaSVM_rankscore,MetaSVM_pred,MetaLR_score,MetaLR_rankscore,MetaLR_pred,M-CAP_score,M-CAP_rankscore,M-CAP_pred,CADD_raw,CADD_raw_rankscore,CADD_phred,DANN_score,DANN_rankscore,fathmm-MKL_coding_score,fathmm-MKL_coding_rankscore,fathmm-MKL_coding_pred,Eigen_coding_or_noncoding,Eigen-raw,Eigen-PC-raw,GenoCanyon_score,GenoCanyon_score_rankscore,integrated_fitCons_score,integrated_fitCons_score_rankscore,integrated_confidence_value,GERP++_RS,GERP++_RS_rankscore,phyloP100way_vertebrate,phyloP100way_vertebrate_rankscore,phyloP20way_mammalian,phyloP20way_mammalian_rankscore,phastCons100way_vertebrate,phastCons100way_vertebrate_rankscore,phastCons20way_mammalian,phastCons20way_mammalian_rankscore,SiPhy_29way_logOdds,SiPhy_29way_logOdds_rankscore,Interpro_domain,GTEx_V6_gene,GTEx_V6_tissue
1,105890909,105890909,A,T,"intergenic","LINC01676;LINC01677","dist=271974;dist=36715",.,.,.,.,.,.,.,.,.,.,.,.,.,.,.,.,.,.,.,.,.,.,.,.,.,.,.,.,.,.,.,.,.,.,.,.,.,.,.,.,.,.,.,.,.,.,.,.,.,.,.,.,.,.,.,.,.,.,.,.,.,.,.,.,.,.,.,.,.,.,.,.,.,.,.,.
1,105891903,105891903,G,T,"intergenic","LINC01676;LINC01677","dist=272968;dist=35721",.,.,.,.,.,.,.,.,.,.,.,.,.,.,.,.,.,.,.,.,.,.,.,.,.,.,.,.,.,.,.,.,.,.,.,.,.,.,.,.,.,.,.,.,.,.,.,.,.,.,.,.,.,.,.,.,.,.,.,.,.,.,.,.,.,.,.,.,.,.,.,.,.,.,.,.
1,116740892,116740892,T,C,"intergenic","LINC02868;CD2","dist=34289;dist=13538",.,.,.,.,.,.,.,.,.,.,.,.,.,.,.,.,.,.,.,.,.,.,.,.,.,.,.,.,.,.,.,.,.,.,.,.,.,.,.,.,.,.,.,.,.,.,.,.,.,.,.,.,.,.,.,.,.,.,.,.,.,.,.,.,.,.,.,.,.,.,.,.,.,.,.,.
1,116741141,116741141,T,C,"intergenic","LINC02868;CD2","dist=34538;dist=13289",.,.,.,.,.,.,.,.,.,.,.,.,.,.,.,.,.,.,.,.,.,.,.,.,.,.,.,.,.,.,.,.,.,.,.,.,.,.,.,.,.,.,.,.,.,.,.,.,.,.,.,.,.,.,.,.,.,.,.,.,.,.,.,.,.,.,.,.,.,.,.,.,.,.,.,.
1,166276016,166276016,C,A,"intergenic","FAM78B;LINC01675","dist=109015;dist=199756",.,.,.,.,.,.,.,.,.,.,.,.,.,.,.,.,.,.,.,.,.,.,.,.,.,.,.,.,.,.,.,.,.,.,.,.,.,.,.,.,.,.,.,.,.,.,.,.,.,.,.,.,.,.,.,.,.,.,.,.,.,.,.,.,.,.,.,.,.,.,.,.,.,.,.,.
1,166276034,166276034,T,A,"intergenic","FAM78B;LINC01675","dist=109033;dist=199738",.,.,.,.,.,.,.,.,.,.,.,.,.,.,.,.,.,.,.,.,.,.,.,.,.,.,.,.,.,.,.,.,.,.,.,.,.,.,.,.,.,.,.,.,.,.,.,.,.,.,.,.,.,.,.,.,.,.,.,.,.,.,.,.,.,.,.,.,.,.,.,.,.,.,.,.
1,166276163,166276163,T,C,"intergenic","FAM78B;LINC01675","dist=109162;dist=199609",.,.,.,.,.,.,.,.,.,.,.,.,.,.,.,.,.,.,.,.,.,.,.,.,.,.,.,.,.,.,.,.,.,.,.,.,.,.,.,.,.,.,.,.,.,.,.,.,.,.,.,.,.,.,.,.,.,.,.,.,.,.,.,.,.,.,.,.,.,.,.,.,.,.,.,.
1,171670465,171670465,G,A,"intergenic","MYOC;VAMP4","dist=17777;dist=29698",.,.,.,.,.,.,.,.,.,.,.,.,.,.,.,.,.,.,.,.,.,.,.,.,.,.,.,.,.,.,.,.,.,.,.,.,.,.,.,.,.,.,.,.,.,.,.,.,.,.,.,.,.,.,.,.,.,.,.,.,.,.,.,.,.,.,.,.,.,.,.,.,.,.,.,.
11,63046952,63046952,C,T,"intergenic","SLC22A8;SLC22A24","dist=31107;dist=32988",.,.,.,.,.,.,.,.,.,.,.,.,.,.,.,.,.,.,.,.,.,.,.,.,.,.,.,.,.,.,.,.,.,.,.,.,.,.,.,.,.,.,.,.,.,.,.,.,.,.,.,.,.,.,.,.,.,.,.,.,.,.,.,.,.,.,.,.,.,.,.,.,.,.,.,.
11,63047952,63047952,C,T,"intergenic","SLC22A8;SLC22A24","dist=32107;dist=31988",.,.,.,.,.,.,.,.,.,.,.,.,.,.,.,.,.,.,.,.,.,.,.,.,.,.,.,.,.,.,.,.,.,.,.,.,.,.,.,.,.,.,.,.,.,.,.,.,.,.,.,.,.,.,.,.,.,.,.,.,.,.,.,.,.,.,.,.,.,.,.,.,.,.,.,.
12,54283271,54283271,C,T,"intronic","HNRNPA1",.,.,.,0.0177,0.0031,0.0087,0,0.0250,0.0264,0.0134,0.0030,.,.,.,.,.,.,.,.,.,.,.,.,.,.,.,.,.,.,.,.,.,.,.,.,.,.,.,.,.,.,.,.,.,.,.,.,.,.,.,.,.,.,.,.,.,.,.,.,.,.,.,.,.,.,.,.,.,.,.,.,.,.,.,.,.,.
12,64467061,64467061,G,A,"exonic","TBK1",.,"synonymous SNV","TBK1:NM_013254:exon5:c.G519A:p.L173L",0.0009,0.0098,0.0003,0,0,1.503e-05,0,0,.,.,.,.,.,.,.,.,.,.,.,.,.,.,.,.,.,.,.,.,.,.,.,.,.,.,.,.,.,.,.,.,.,.,.,.,.,.,.,.,.,.,.,.,.,.,.,.,.,.,.,.,.,.,.,.,.,.,.,.,.,.,.,.,.,.
12,64485528,64485532,TAATT,-,"intronic","TBK1",.,.,.,.,.,.,.,.,.,.,.,.,.,.,.,.,.,.,.,.,.,.,.,.,.,.,.,.,.,.,.,.,.,.,.,.,.,.,.,.,.,.,.,.,.,.,.,.,.,.,.,.,.,.,.,.,.,.,.,.,.,.,.,.,.,.,.,.,.,.,.,.,.,.,.,.,.
12,64495528,64495528,G,A,"exonic","TBK1",.,"nonsynonymous SNV","TBK1:NM_013254:exon14:c.G1567A:p.D523N",4.943e-05,0.0004,0,0,0,2.998e-05,0,0,0.489,0.080,T,0.0,0.026,B,0.0,0.013,B,0.032,0.250,N,0.994,0.235,N,-0.345,0.033,N,-0.15,0.652,T,0.67,0.023,N,0.02,0.004,-1.046,0.155,T,0.076,0.306,T,0.026,0.489,D,1.316,0.222,12.35,0.954,0.261,0.405,0.262,N,c,-0.658,-0.529,1.000,0.747,0.719,0.830,0,1.62,0.227,1.920,0.394,-0.204,0.101,0.978,0.348,0.099,0.189,5.811,0.176,.,.,.
12,64502054,64502055,AT,-,"UTR3","TBK1","NM_013254:c.*673_*674delAT",.,.,.,.,.,.,.,.,.,.,.,.,.,.,.,.,.,.,.,.,.,.,.,.,.,.,.,.,.,.,.,.,.,.,.,.,.,.,.,.,.,.,.,.,.,.,.,.,.,.,.,.,.,.,.,.,.,.,.,.,.,.,.,.,.,.,.,.,.,.,.,.,.,.,.,.
12,108894208,108894208,A,G,"intronic","DAO",.,.,.,.,.,.,.,.,.,.,.,.,.,.,.,.,.,.,.,.,.,.,.,.,.,.,.,.,.,.,.,.,.,.,.,.,.,.,.,.,.,.,.,.,.,.,.,.,.,.,.,.,.,.,.,.,.,.,.,.,.,.,.,.,.,.,.,.,.,.,.,.,.,.,.,.,.
12,108899544,108899544,A,G,"intronic","DAO",.,.,.,.,.,.,.,.,.,.,.,.,.,.,.,.,.,.,.,.,.,.,.,.,.,.,.,.,.,.,.,.,.,.,.,.,.,.,.,.,.,.,.,.,.,.,.,.,.,.,.,.,.,.,.,.,.,.,.,.,.,.,.,.,.,.,.,.,.,.,.,.,.,.,.,.,.
12,111456268,111456268,C,T,"intronic","ATXN2",.,.,.,0.2157,0.1947,0.1695,0.3297,0.1941,0.2006,0.2091,0.2720,.,.,.,.,.,.,.,.,.,.,.,.,.,.,.,.,.,.,.,.,.,.,.,.,.,.,.,.,.,.,.,.,.,.,.,.,.,.,.,.,.,.,.,.,.,.,.,.,.,.,.,.,.,.,.,.,.,.,.,.,.,.,.,.,.,.
12,111457323,111457323,G,A,"exonic","ATXN2",.,"nonsynonymous SNV","ATXN2:NM_001310123:exon19:c.C2486T:p.P829L,ATXN2:NM_001310121:exon22:c.C2612T:p.P871L,ATXN2:NM_001372574:exon22:c.C2933T:p.P978L,ATXN2:NM_002973:exon22:c.C2927T:p.P976L",.,.,.,.,.,.,.,.,0.267,0.245,T,1.0,0.899,D,0.999,0.916,D,0.000,0.843,D,1,0.810,D,1.735,0.450,L,-0.29,0.677,T,-3.6,0.705,D,0.955,0.955,-0.666,0.620,T,0.327,0.695,T,0.047,0.629,D,5.259,0.711,25.7,0.997,0.791,0.995,0.962,D,c,0.498,0.592,1.000,0.747,0.707,0.730,0,5.96,0.967,7.262,0.776,1.044,0.665,1.000,0.715,0.964,0.448,20.404,0.990,.,.,.
13,19177116,19177116,A,T,"exonic","TUBA3C",.,"synonymous SNV","TUBA3C:NM_006001:exon4:c.T867A:p.A289A",.,.,.,.,.,.,.,.,.,.,.,.,.,.,.,.,.,.,.,.,.,.,.,.,.,.,.,.,.,.,.,.,.,.,.,.,.,.,.,.,.,.,.,.,.,.,.,.,.,.,.,.,.,.,.,.,.,.,.,.,.,.,.,.,.,.,.,.,.,.,.,.,.,.
13,19177194,19177194,G,A,"exonic","TUBA3C",.,"synonymous SNV","TUBA3C:NM_006001:exon4:c.C789T:p.P263P",.,.,.,.,.,.,.,.,.,.,.,.,.,.,.,.,.,.,.,.,.,.,.,.,.,.,.,.,.,.,.,.,.,.,.,.,.,.,.,.,.,.,.,.,.,.,.,.,.,.,.,.,.,.,.,.,.,.,.,.,.,.,.,.,.,.,.,.,.,.,.,.,.,.
14,21498989,21498989,C,A,"UTR3","TOX4","NM_014828:c.*2383C>A;NM_001303523:c.*2383C>A",.,.,0.2612,0.0764,0.1359,0.1998,0.2490,0.3078,0.3136,0.3116,.,.,.,.,.,.,.,.,.,.,.,.,.,.,.,.,.,.,.,.,.,.,.,.,.,.,.,.,.,.,.,.,.,.,.,.,.,.,.,.,.,.,.,.,.,.,.,.,.,.,.,.,.,.,.,.,.,.,.,.,.,.,.,.,.,.
14,21499294,21499294,G,A,"intronic","METTL3",.,.,.,0.2793,0.3132,0.1435,0.1963,0.2472,0.3013,0.3117,0.3187,.,.,.,.,.,.,.,.,.,.,.,.,.,.,.,.,.,.,.,.,.,.,.,.,.,.,.,.,.,.,.,.,.,.,.,.,.,.,.,.,.,.,.,.,.,.,.,.,.,.,.,.,.,.,.,.,.,.,.,.,.,.,.,.,.,.
14,21500477,21500477,G,A,"intronic","METTL3",.,.,.,.,.,.,.,.,.,.,.,.,.,.,.,.,.,.,.,.,.,.,.,.,.,.,.,.,.,.,.,.,.,.,.,.,.,.,.,.,.,.,.,.,.,.,.,.,.,.,.,.,.,.,.,.,.,.,.,.,.,.,.,.,.,.,.,.,.,.,.,.,.,.,.,.,.
14,21503586,21503586,C,G,"intronic","METTL3",.,.,.,0.4231,0.4619,0.4744,0.3011,0.3465,0.4323,0.4251,0.4197,.,.,.,.,.,.,.,.,.,.,.,.,.,.,.,.,.,.,.,.,.,.,.,.,.,.,.,.,.,.,.,.,.,.,.,.,.,.,.,.,.,.,.,.,.,.,.,.,.,.,.,.,.,.,.,.,.,.,.,.,.,.,.,.,.,.
14,30630532,30630532,A,G,"exonic","SCFD1",.,"nonsynonymous SNV","SCFD1:NM_016106:exon3:c.A188G:p.K63R",0.4326,0.7190,0.5918,0.6801,0.3497,0.3437,0.3965,0.4049,0.091,0.318,T,0.023,0.176,B,0.155,0.328,B,0.000,0.843,D,0.000,0.810,P,1.78,0.463,L,1.55,0.299,T,-1.52,0.433,N,0.199,0.480,-1.012,0.261,T,0.000,0.000,T,.,.,.,3.125,0.435,22.6,0.996,0.758,0.946,0.614,D,c,0.198,0.368,1.000,0.747,0.732,0.924,0,5.6,0.849,8.812,0.915,1.199,0.960,1.000,0.715,1.000,0.888,15.786,0.780,.,ENSG00000092108.16|ENSG00000092108.16|ENSG00000092108.16|ENSG00000092108.16|ENSG00000092108.16|ENSG00000092108.16|ENSG00000092108.16|ENSG00000092140.10|ENSG00000092108.16|ENSG00000092140.10|ENSG00000092108.16|ENSG00000092108.16,Adipose_Subcutaneous|Brain_Cerebellar_Hemisphere|Brain_Cerebellum|Colon_Transverse|Esophagus_Mucosa|Lung|Muscle_Skeletal|Nerve_Tibial|Skin_Not_Sun_Exposed_Suprapubic|Skin_Sun_Exposed_Lower_leg|Thyroid|Whole_Blood
14,30639771,30639771,T,C,"intronic","SCFD1",.,.,.,0.3224,0.4791,0.4203,0.6390,0.2411,0.2583,0.2848,0.2727,.,.,.,.,.,.,.,.,.,.,.,.,.,.,.,.,.,.,.,.,.,.,.,.,.,.,.,.,.,.,.,.,.,.,.,.,.,.,.,.,.,.,.,.,.,.,.,.,.,.,.,.,.,.,.,.,.,.,.,.,.,.,.,.,.,.
14,30670191,30670191,C,A,"intronic","SCFD1",.,.,.,.,.,.,.,.,.,.,.,.,.,.,.,.,.,.,.,.,.,.,.,.,.,.,.,.,.,.,.,.,.,.,.,.,.,.,.,.,.,.,.,.,.,.,.,.,.,.,.,.,.,.,.,.,.,.,.,.,.,.,.,.,.,.,.,.,.,.,.,.,.,.,.,.,.
14,30707979,30707979,C,T,"intronic","SCFD1",.,.,.,.,.,.,.,.,.,.,.,.,.,.,.,.,.,.,.,.,.,.,.,.,.,.,.,.,.,.,.,.,.,.,.,.,.,.,.,.,.,.,.,.,.,.,.,.,.,.,.,.,.,.,.,.,.,.,.,.,.,.,.,.,.,.,.,.,.,.,.,.,.,.,.,.,.
14,30719403,30719403,T,C,"intronic","SCFD1",.,.,.,.,.,.,.,.,.,.,.,.,.,.,.,.,.,.,.,.,.,.,.,.,.,.,.,.,.,.,.,.,.,.,.,.,.,.,.,.,.,.,.,.,.,.,.,.,.,.,.,.,.,.,.,.,.,.,.,.,.,.,.,.,.,.,.,.,.,.,.,.,.,.,.,.,.
14,30722566,30722566,T,C,"intronic","SCFD1",.,.,.,0.2288,0.1133,0.3578,0.4908,0.1716,0.1968,0.2053,0.2284,.,.,.,.,.,.,.,.,.,.,.,.,.,.,.,.,.,.,.,.,.,.,.,.,.,.,.,.,.,.,.,.,.,.,.,.,.,.,.,.,.,.,.,.,.,.,.,.,.,.,.,.,.,.,.,.,.,.,.,.,.,.,.,.,.,.
14,35881419,35881419,T,A,"intergenic","BRMS1L;LINC00609","dist=9456;dist=189008",.,.,.,.,.,.,.,.,.,.,.,.,.,.,.,.,.,.,.,.,.,.,.,.,.,.,.,.,.,.,.,.,.,.,.,.,.,.,.,.,.,.,.,.,.,.,.,.,.,.,.,.,.,.,.,.,.,.,.,.,.,.,.,.,.,.,.,.,.,.,.,.,.,.,.,.
14,35881430,35881430,T,C,"intergenic","BRMS1L;LINC00609","dist=9467;dist=188997",.,.,.,.,.,.,.,.,.,.,.,.,.,.,.,.,.,.,.,.,.,.,.,.,.,.,.,.,.,.,.,.,.,.,.,.,.,.,.,.,.,.,.,.,.,.,.,.,.,.,.,.,.,.,.,.,.,.,.,.,.,.,.,.,.,.,.,.,.,.,.,.,.,.,.,.
15,43746701,43746701,C,T,"exonic","PDIA3",.,"synonymous SNV","PDIA3:NM_005313:exon1:c.C162T:p.A54A",0.6743,0.2887,0.7055,0.6680,0.8181,0.7207,0.7106,0.6309,.,.,.,.,.,.,.,.,.,.,.,.,.,.,.,.,.,.,.,.,.,.,.,.,.,.,.,.,.,.,.,.,.,.,.,.,.,.,.,.,.,.,.,.,.,.,.,.,.,.,.,.,.,.,.,.,.,.,.,.,.,.,.,.,.,.
15,43761419,43761419,C,T,"intronic","PDIA3",.,.,.,0.4949,0.1275,0.5644,0.4025,0.6755,0.5318,0.5312,0.4919,.,.,.,.,.,.,.,.,.,.,.,.,.,.,.,.,.,.,.,.,.,.,.,.,.,.,.,.,.,.,.,.,.,.,.,.,.,.,.,.,.,.,.,.,.,.,.,.,.,.,.,.,.,.,.,.,.,.,.,.,.,.,.,.,.,.
15,43766010,43766010,C,T,"exonic","PDIA3",.,"synonymous SNV","PDIA3:NM_005313:exon7:c.C843T:p.N281N",.,.,.,.,.,.,.,.,.,.,.,.,.,.,.,.,.,.,.,.,.,.,.,.,.,.,.,.,.,.,.,.,.,.,.,.,.,.,.,.,.,.,.,.,.,.,.,.,.,.,.,.,.,.,.,.,.,.,.,.,.,.,.,.,.,.,.,.,.,.,.,.,.,.
15,44622665,44622665,C,A,"intronic","SPG11",.,.,.,0.0130,0.0008,0.0836,0.0330,0,0.0001,0.0067,0.0178,.,.,.,.,.,.,.,.,.,.,.,.,.,.,.,.,.,.,.,.,.,.,.,.,.,.,.,.,.,.,.,.,.,.,.,.,.,.,.,.,.,.,.,.,.,.,.,.,.,.,.,.,.,.,.,.,.,.,.,.,.,.,.,.,.,.
15,44651559,44651559,A,G,"exonic","SPG11",.,"nonsynonymous SNV","SPG11:NM_001160227:exon6:c.T1388C:p.F463S,SPG11:NM_025137:exon6:c.T1388C:p.F463S",0.4659,0.5289,0.5655,0.4674,0.4953,0.4594,0.4570,0.3710,0.341,0.170,T,0.021,0.221,B,0.009,0.184,B,0.001,0.419,D,1,0.090,P,2.095,0.583,M,-0.99,0.759,T,-1.27,0.406,N,0.368,0.475,-0.903,0.477,T,0.000,0.000,T,.,.,.,3.475,0.476,23.1,0.963,0.288,0.138,0.179,N,c,-0.371,-0.256,0.999,0.382,0.719,0.830,0,4.93,0.643,1.388,0.338,1.199,0.960,0.118,0.229,0.976,0.476,3.101,0.059,.,ENSG00000259563.1,Nerve_Tibial
15,44663340,44663340,G,T,"intronic","SPG11",.,.,.,.,.,.,.,.,.,.,.,.,.,.,.,.,.,.,.,.,.,.,.,.,.,.,.,.,.,.,.,.,.,.,.,.,.,.,.,.,.,.,.,.,.,.,.,.,.,.,.,.,.,.,.,.,.,.,.,.,.,.,.,.,.,.,.,.,.,.,.,.,.,.,.,.,.
16,2433076,2433076,G,C,"intronic","CCNF",.,.,.,.,.,.,.,.,.,.,.,.,.,.,.,.,.,.,.,.,.,.,.,.,.,.,.,.,.,.,.,.,.,.,.,.,.,.,.,.,.,.,.,.,.,.,.,.,.,.,.,.,.,.,.,.,.,.,.,.,.,.,.,.,.,.,.,.,.,.,.,.,.,.,.,.,.
16,2443680,2443680,A,G,"exonic","CCNF",.,"nonsynonymous SNV","CCNF:NM_001761:exon9:c.A809G:p.N270S",.,.,.,.,.,.,.,.,0.601,0.056,T,0.002,0.090,B,0.003,0.080,B,0.135,0.185,N,0.990,0.242,N,1.08,0.273,L,1.89,0.237,T,-1.33,0.332,N,0.015,0.002,-1.016,0.251,T,0.039,0.166,T,0.007,0.190,T,-1.921,0.009,0.001,0.415,0.030,0.613,0.312,D,c,-1.066,-1.051,0.001,0.084,0.707,0.730,0,-2.32,0.063,0.939,0.284,-0.468,0.054,0.970,0.340,0.527,0.275,11.748,0.509,.,.,.
16,2443838,2443838,G,A,"intronic","CCNF",.,.,.,0.0005,0,0,0.0062,0.0002,7.641e-05,0.0011,0,.,.,.,.,.,.,.,.,.,.,.,.,.,.,.,.,.,.,.,.,.,.,.,.,.,.,.,.,.,.,.,.,.,.,.,.,.,.,.,.,.,.,.,.,.,.,.,.,.,.,.,.,.,.,.,.,.,.,.,.,.,.,.,.,.,.
16,2445648,2445648,G,A,"intronic","CCNF",.,.,.,.,.,.,.,.,.,.,.,.,.,.,.,.,.,.,.,.,.,.,.,.,.,.,.,.,.,.,.,.,.,.,.,.,.,.,.,.,.,.,.,.,.,.,.,.,.,.,.,.,.,.,.,.,.,.,.,.,.,.,.,.,.,.,.,.,.,.,.,.,.,.,.,.,.
16,2457371,2457371,G,T,"UTR3","CCNF","NM_001761:c.*351G>T;NM_001323538:c.*351G>T",.,.,.,.,.,.,.,.,.,.,.,.,.,.,.,.,.,.,.,.,.,.,.,.,.,.,.,.,.,.,.,.,.,.,.,.,.,.,.,.,.,.,.,.,.,.,.,.,.,.,.,.,.,.,.,.,.,.,.,.,.,.,.,.,.,.,.,.,.,.,.,.,.,.,.,.
16,31192208,31192208,G,C,"UTR3","FUS","NM_001170634:c.*770G>C;NM_001170937:c.*770G>C",.,.,0.4227,0.1020,0.3587,0.1642,.,0.2445,0.3390,0.5028,.,.,.,.,.,.,.,.,.,.,.,.,.,.,.,.,.,.,.,.,.,.,.,.,.,.,.,.,.,.,.,.,.,.,.,.,.,.,.,.,.,.,.,.,.,.,.,.,.,.,.,.,.,.,.,.,.,.,.,.,.,.,.,.,.,.
16,51107928,51107928,C,G,"ncRNA_intronic","MIR548AI",.,.,.,.,.,.,.,.,.,.,.,.,.,.,.,.,.,.,.,.,.,.,.,.,.,.,.,.,.,.,.,.,.,.,.,.,.,.,.,.,.,.,.,.,.,.,.,.,.,.,.,.,.,.,.,.,.,.,.,.,.,.,.,.,.,.,.,.,.,.,.,.,.,.,.,.,.
16,51108064,51108064,A,G,"ncRNA_intronic","MIR548AI",.,.,.,.,.,.,.,.,.,.,.,.,.,.,.,.,.,.,.,.,.,.,.,.,.,.,.,.,.,.,.,.,.,.,.,.,.,.,.,.,.,.,.,.,.,.,.,.,.,.,.,.,.,.,.,.,.,.,.,.,.,.,.,.,.,.,.,.,.,.,.,.,.,.,.,.,.
16,86530288,86530288,C,T,"UTR3","MTHFSD","NM_001159378:c.*1723G>A;NM_001159379:c.*1723G>A;NM_001159380:c.*1723G>A;NM_001159377:c.*1723G>A;NM_022764:c.*1723G>A",.,.,.,.,.,.,.,.,.,.,.,.,.,.,.,.,.,.,.,.,.,.,.,.,.,.,.,.,.,.,.,.,.,.,.,.,.,.,.,.,.,.,.,.,.,.,.,.,.,.,.,.,.,.,.,.,.,.,.,.,.,.,.,.,.,.,.,.,.,.,.,.,.,.,.,.
16,86530758,86530758,A,G,"UTR3","MTHFSD","NM_001159378:c.*1253T>C;NM_001159379:c.*1253T>C;NM_001159380:c.*1253T>C;NM_001159377:c.*1253T>C;NM_022764:c.*1253T>C",.,.,.,.,.,.,.,.,.,.,.,.,.,.,.,.,.,.,.,.,.,.,.,.,.,.,.,.,.,.,.,.,.,.,.,.,.,.,.,.,.,.,.,.,.,.,.,.,.,.,.,.,.,.,.,.,.,.,.,.,.,.,.,.,.,.,.,.,.,.,.,.,.,.,.,.
16,86531931,86531931,C,G,"UTR3","MTHFSD","NM_001159378:c.*80G>C;NM_001159379:c.*80G>C;NM_001159380:c.*80G>C;NM_001159377:c.*80G>C;NM_022764:c.*80G>C",.,.,.,.,.,.,.,.,.,.,.,.,.,.,.,.,.,.,.,.,.,.,.,.,.,.,.,.,.,.,.,.,.,.,.,.,.,.,.,.,.,.,.,.,.,.,.,.,.,.,.,.,.,.,.,.,.,.,.,.,.,.,.,.,.,.,.,.,.,.,.,.,.,.,.,.
16,86532433,86532433,C,T,"exonic","MTHFSD",.,"nonsynonymous SNV","MTHFSD:NM_001159377:exon8:c.G730A:p.A244T,MTHFSD:NM_001159378:exon8:c.G730A:p.A244T,MTHFSD:NM_001159379:exon8:c.G727A:p.A243T,MTHFSD:NM_001159380:exon8:c.G670A:p.A224T,MTHFSD:NM_022764:exon8:c.G727A:p.A243T",0.1809,0.0361,0.1709,0.2383,0.2650,0.1737,0.2353,0.3526,0.417,0.099,T,0.143,0.260,B,0.008,0.127,B,0.003,0.009,N,1,0.090,P,1.245,0.315,L,2.52,0.178,T,-0.23,0.107,N,0.035,0.064,-1.006,0.283,T,0.000,0.000,T,.,.,.,0.195,0.113,4.627,0.603,0.063,0.117,0.166,N,c,-1.323,-1.418,0.379,0.199,0.706,0.609,0,-5.94,0.020,-0.483,0.066,0.919,0.430,0.000,0.063,0.013,0.120,1.396,0.021,.,.,.
16,86532436,86532436,G,A,"exonic","MTHFSD",.,"nonsynonymous SNV","MTHFSD:NM_001159377:exon8:c.C727T:p.R243C,MTHFSD:NM_001159378:exon8:c.C727T:p.R243C,MTHFSD:NM_001159379:exon8:c.C724T:p.R242C,MTHFSD:NM_001159380:exon8:c.C667T:p.R223C,MTHFSD:NM_022764:exon8:c.C724T:p.R242C",0.1777,0.0351,0.1719,0.2393,0.2689,0.1710,0.23,0.3458,0.015,0.531,D,1.0,0.899,D,0.891,0.614,P,0.001,0.432,D,0.000,0.588,P,2.525,0.740,M,2.17,0.229,T,-5.67,0.871,D,0.12,0.277,-1.197,0.002,T,0.001,0.002,T,.,.,.,6.214,0.858,28.7,0.999,0.949,0.873,0.465,D,c,0.064,0.005,1.000,0.747,0.706,0.609,0,5.11,0.691,5.504,0.665,1.029,0.652,0.956,0.331,0.004,0.083,17.532,0.877,.,.,.
16,86541854,86541854,C,G,"intronic","MTHFSD",.,.,.,0.8817,0.6856,0.9062,0.8347,0.9434,0.8943,0.8888,0.9295,.,.,.,.,.,.,.,.,.,.,.,.,.,.,.,.,.,.,.,.,.,.,.,.,.,.,.,.,.,.,.,.,.,.,.,.,.,.,.,.,.,.,.,.,.,.,.,.,.,.,.,.,.,.,.,.,.,.,.,.,.,.,.,.,.,.
16,86542131,86542131,C,T,"exonic","MTHFSD",.,"synonymous SNV","MTHFSD:NM_001159377:exon6:c.G525A:p.T175T,MTHFSD:NM_001159378:exon6:c.G525A:p.T175T,MTHFSD:NM_001159379:exon6:c.G522A:p.T174T,MTHFSD:NM_001159380:exon6:c.G465A:p.T155T,MTHFSD:NM_022764:exon6:c.G522A:p.T174T",0.1121,0.0208,0.0960,0.1489,0.1012,0.0974,0.1071,0.2226,.,.,.,.,.,.,.,.,.,.,.,.,.,.,.,.,.,.,.,.,.,.,.,.,.,.,.,.,.,.,.,.,.,.,.,.,.,.,.,.,.,.,.,.,.,.,.,.,.,.,.,.,.,.,.,.,.,.,.,.,.,.,.,.,.,.
16,86552299,86552299,C,A,"intronic","MTHFSD",.,.,.,0.9030,0.8738,0.9223,0.8440,0.9592,0.9003,0.9040,0.9171,.,.,.,.,.,.,.,.,.,.,.,.,.,.,.,.,.,.,.,.,.,.,.,.,.,.,.,.,.,.,.,.,.,.,.,.,.,.,.,.,.,.,.,.,.,.,.,.,.,.,.,.,.,.,.,.,.,.,.,.,.,.,.,.,.,.
16,86552318,86552318,C,T,"intronic","MTHFSD",.,.,.,0.0005,0.0004,0,0.0014,0.0109,0.0003,0,0,.,.,.,.,.,.,.,.,.,.,.,.,.,.,.,.,.,.,.,.,.,.,.,.,.,.,.,.,.,.,.,.,.,.,.,.,.,.,.,.,.,.,.,.,.,.,.,.,.,.,.,.,.,.,.,.,.,.,.,.,.,.,.,.,.,.
17,18315490,18315490,T,C,"UTR5","SMCR8","NM_144775:c.-300T>C",.,.,.,.,.,.,.,.,.,.,.,.,.,.,.,.,.,.,.,.,.,.,.,.,.,.,.,.,.,.,.,.,.,.,.,.,.,.,.,.,.,.,.,.,.,.,.,.,.,.,.,.,.,.,.,.,.,.,.,.,.,.,.,.,.,.,.,.,.,.,.,.,.,.,.,.
17,18315586,18315586,T,A,"UTR5","SMCR8","NM_144775:c.-204T>A",.,.,.,.,.,.,.,.,.,.,.,.,.,.,.,.,.,.,.,.,.,.,.,.,.,.,.,.,.,.,.,.,.,.,.,.,.,.,.,.,.,.,.,.,.,.,.,.,.,.,.,.,.,.,.,.,.,.,.,.,.,.,.,.,.,.,.,.,.,.,.,.,.,.,.,.
17,18316521,18316521,T,C,"exonic","SMCR8",.,"synonymous SNV","SMCR8:NM_144775:exon1:c.T732C:p.I244I",0.2437,0.1531,0.2543,0.3070,0.2711,0.2589,0.2761,0.1864,.,.,.,.,.,.,.,.,.,.,.,.,.,.,.,.,.,.,.,.,.,.,.,.,.,.,.,.,.,.,.,.,.,.,.,.,.,.,.,.,.,.,.,.,.,.,.,.,.,.,.,.,.,.,.,.,.,.,.,.,.,.,.,.,.,.
17,18317456,18317456,G,A,"exonic","SMCR8",.,"nonsynonymous SNV","SMCR8:NM_144775:exon1:c.G1667A:p.R556H",0.6694,0.8580,0.7144,0.5314,0.7043,0.6740,0.6729,0.5589,1.0,0.010,T,0.0,0.026,B,0.0,0.013,B,0.038,0.243,N,1.000,0.197,P,-0.06,0.049,N,1.6,0.286,T,1.12,0.012,N,0.093,0.092,-0.963,0.387,T,0.000,0.000,T,.,.,.,0.234,0.116,5.035,0.497,0.042,0.078,0.137,N,c,-1.118,-0.943,1.000,0.448,0.722,0.854,0,3.78,0.425,-0.215,0.092,0.244,0.267,0.000,0.063,0.979,0.486,5.252,0.147,.,ENSG00000273018.1|ENSG00000213077.5|ENSG00000177302.10|ENSG00000176974.13|ENSG00000213077.5|ENSG00000273018.1|ENSG00000176974.13|ENSG00000273018.1|ENSG00000213077.5|ENSG00000177302.10|ENSG00000176974.13|ENSG00000176974.13|ENSG00000273018.1|ENSG00000220161.4|ENSG00000273018.1|ENSG00000213077.5|ENSG00000176974.13|ENSG00000177302.10|ENSG00000177302.10|ENSG00000177302.10|ENSG00000213077.5|ENSG00000273018.1|ENSG00000176974.13|ENSG00000273018.1|ENSG00000213077.5|ENSG00000176974.13|ENSG00000213077.5|ENSG00000177302.10|ENSG00000213077.5|ENSG00000273018.1|ENSG00000273018.1|ENSG00000214856.7|ENSG00000213077.5|ENSG00000177302.10|ENSG00000273018.1|ENSG00000213077.5|ENSG00000176974.13|ENSG00000177302.10|ENSG00000273018.1|ENSG00000213077.5|ENSG00000176974.13|ENSG00000273018.1|ENSG00000273018.1|ENSG00000213077.5|ENSG00000176974.13|ENSG00000273018.1|ENSG00000213077.5|ENSG00000176974.13|ENSG00000273018.1|ENSG00000213077.5|ENSG00000177302.10|ENSG00000176974.13|ENSG00000177302.10|ENSG00000213077.5|ENSG00000273018.1|ENSG00000273018.1|ENSG00000213077.5|ENSG00000213077.5|ENSG00000273018.1|ENSG00000273018.1|ENSG00000213077.5|ENSG00000177302.10|ENSG00000273018.1|ENSG00000213077.5|ENSG00000177302.10|ENSG00000176974.13|ENSG00000091536.12|ENSG00000186831.7|ENSG00000273018.1|ENSG00000214860.4|ENSG00000171916.12|ENSG00000176974.13|ENSG00000176994.9,Adipose_Subcutaneous|Adipose_Subcutaneous|Adipose_Subcutaneous|Adipose_Subcutaneous|Adipose_Visceral_Omentum|Adipose_Visceral_Omentum|Adrenal_Gland|Artery_Aorta|Artery_Aorta|Artery_Aorta|Artery_Aorta|Artery_Coronary|Artery_Coronary|Artery_Tibial|Artery_Tibial|Artery_Tibial|Artery_Tibial|Brain_Cerebellar_Hemisphere|Brain_Cerebellum|Brain_Cortex|Breast_Mammary_Tissue|Breast_Mammary_Tissue|Cells_EBV-transformed_lymphocytes|Cells_Transformed_fibroblasts|Cells_Transformed_fibroblasts|Cells_Transformed_fibroblasts|Colon_Sigmoid|Colon_Sigmoid|Esophagus_Gastroesophageal_Junction|Esophagus_Gastroesophageal_Junction|Esophagus_Mucosa|Esophagus_Mucosa|Esophagus_Mucosa|Esophagus_Mucosa|Esophagus_Muscularis|Esophagus_Muscularis|Esophagus_Muscularis|Heart_Atrial_Appendage|Heart_Atrial_Appendage|Heart_Left_Ventricle|Heart_Left_Ventricle|Heart_Left_Ventricle|Lung|Lung|Lung|Muscle_Skeletal|Muscle_Skeletal|Muscle_Skeletal|Nerve_Tibial|Nerve_Tibial|Nerve_Tibial|Nerve_Tibial|Pituitary|Skin_Not_Sun_Exposed_Suprapubic|Skin_Not_Sun_Exposed_Suprapubic|Skin_Sun_Exposed_Lower_leg|Skin_Sun_Exposed_Lower_leg|Spleen|Spleen|Testis|Testis|Testis|Thyroid|Thyroid|Thyroid|Thyroid|Thyroid|Whole_Blood|Whole_Blood|Whole_Blood|Whole_Blood|Whole_Blood|Whole_Blood
17,18317820,18317820,C,T,"exonic","SMCR8",.,"synonymous SNV","SMCR8:NM_144775:exon1:c.C2031T:p.Y677Y",0.2574,0.2002,0.2273,0.0832,0.3355,0.3061,0.2638,0.1772,.,.,.,.,.,.,.,.,.,.,.,.,.,.,.,.,.,.,.,.,.,.,.,.,.,.,.,.,.,.,.,.,.,.,.,.,.,.,.,.,.,.,.,.,.,.,.,.,.,.,.,.,.,.,.,.,.,.,.,.,.,.,.,.,.,.
17,18322863,18322863,G,T,"exonic","SMCR8",.,"synonymous SNV","SMCR8:NM_144775:exon2:c.G2607T:p.L869L",0.2748,0.3468,0.2413,0.0835,0.3379,0.3116,0.2791,0.1818,.,.,.,.,.,.,.,.,.,.,.,.,.,.,.,.,.,.,.,.,.,.,.,.,.,.,.,.,.,.,.,.,.,.,.,.,.,.,.,.,.,.,.,.,.,.,.,.,.,.,.,.,.,.,.,.,.,.,.,.,.,.,.,.,.,.
17,18323385,18323385,G,A,"UTR3","SMCR8","NM_144775:c.*315G>A",.,.,.,.,.,.,.,.,.,.,.,.,.,.,.,.,.,.,.,.,.,.,.,.,.,.,.,.,.,.,.,.,.,.,.,.,.,.,.,.,.,.,.,.,.,.,.,.,.,.,.,.,.,.,.,.,.,.,.,.,.,.,.,.,.,.,.,.,.,.,.,.,.,.,.,.
17,18323767,18323767,C,T,"UTR3","SMCR8","NM_144775:c.*697C>T",.,.,.,.,.,.,.,.,.,.,.,.,.,.,.,.,.,.,.,.,.,.,.,.,.,.,.,.,.,.,.,.,.,.,.,.,.,.,.,.,.,.,.,.,.,.,.,.,.,.,.,.,.,.,.,.,.,.,.,.,.,.,.,.,.,.,.,.,.,.,.,.,.,.,.,.
17,18323787,18323787,G,A,"UTR3","SMCR8","NM_144775:c.*717G>A",.,.,.,.,.,.,.,.,.,.,.,.,.,.,.,.,.,.,.,.,.,.,.,.,.,.,.,.,.,.,.,.,.,.,.,.,.,.,.,.,.,.,.,.,.,.,.,.,.,.,.,.,.,.,.,.,.,.,.,.,.,.,.,.,.,.,.,.,.,.,.,.,.,.,.,.
17,18323958,18323958,T,C,"UTR3","SMCR8","NM_144775:c.*888T>C",.,.,.,.,.,.,.,.,.,.,.,.,.,.,.,.,.,.,.,.,.,.,.,.,.,.,.,.,.,.,.,.,.,.,.,.,.,.,.,.,.,.,.,.,.,.,.,.,.,.,.,.,.,.,.,.,.,.,.,.,.,.,.,.,.,.,.,.,.,.,.,.,.,.,.,.
17,18325291,18325291,C,A,"UTR3","SMCR8","NM_144775:c.*2221C>A",.,.,.,.,.,.,.,.,.,.,.,.,.,.,.,.,.,.,.,.,.,.,.,.,.,.,.,.,.,.,.,.,.,.,.,.,.,.,.,.,.,.,.,.,.,.,.,.,.,.,.,.,.,.,.,.,.,.,.,.,.,.,.,.,.,.,.,.,.,.,.,.,.,.,.,.
17,18326706,18326706,G,T,"UTR3","SMCR8","NM_144775:c.*3636G>T",.,.,.,.,.,.,.,.,.,.,.,.,.,.,.,.,.,.,.,.,.,.,.,.,.,.,.,.,.,.,.,.,.,.,.,.,.,.,.,.,.,.,.,.,.,.,.,.,.,.,.,.,.,.,.,.,.,.,.,.,.,.,.,.,.,.,.,.,.,.,.,.,.,.,.,.
17,35820472,35820472,G,A,"intronic","TAF15",.,.,.,.,.,.,.,.,.,.,.,.,.,.,.,.,.,.,.,.,.,.,.,.,.,.,.,.,.,.,.,.,.,.,.,.,.,.,.,.,.,.,.,.,.,.,.,.,.,.,.,.,.,.,.,.,.,.,.,.,.,.,.,.,.,.,.,.,.,.,.,.,.,.,.,.,.
17,41722638,41722638,G,A,"intronic","HAP1",.,.,.,.,.,.,.,.,.,.,.,.,.,.,.,.,.,.,.,.,.,.,.,.,.,.,.,.,.,.,.,.,.,.,.,.,.,.,.,.,.,.,.,.,.,.,.,.,.,.,.,.,.,.,.,.,.,.,.,.,.,.,.,.,.,.,.,.,.,.,.,.,.,.,.,.,.
17,41723225,41723225,A,G,"UTR3","HAP1","NM_001079871:c.*1476T>C;NM_001079870:c.*1476T>C;NM_177977:c.*1476T>C",.,.,.,.,.,.,.,.,.,.,.,.,.,.,.,.,.,.,.,.,.,.,.,.,.,.,.,.,.,.,.,.,.,.,.,.,.,.,.,.,.,.,.,.,.,.,.,.,.,.,.,.,.,.,.,.,.,.,.,.,.,.,.,.,.,.,.,.,.,.,.,.,.,.,.,.
17,41724293,41724293,C,T,"UTR3","HAP1","NM_001079871:c.*408G>A;NM_001079870:c.*408G>A;NM_177977:c.*408G>A",.,.,.,.,.,.,.,.,.,.,.,.,.,.,.,.,.,.,.,.,.,.,.,.,.,.,.,.,.,.,.,.,.,.,.,.,.,.,.,.,.,.,.,.,.,.,.,.,.,.,.,.,.,.,.,.,.,.,.,.,.,.,.,.,.,.,.,.,.,.,.,.,.,.,.,.
17,41724321,41724321,G,A,"UTR3","HAP1","NM_001079871:c.*380C>T;NM_001079870:c.*380C>T;NM_177977:c.*380C>T",.,.,.,.,.,.,.,.,.,.,.,.,.,.,.,.,.,.,.,.,.,.,.,.,.,.,.,.,.,.,.,.,.,.,.,.,.,.,.,.,.,.,.,.,.,.,.,.,.,.,.,.,.,.,.,.,.,.,.,.,.,.,.,.,.,.,.,.,.,.,.,.,.,.,.,.
17,41725037,41725037,G,C,"exonic","HAP1",.,"nonsynonymous SNV","HAP1:NM_001079870:exon10:c.C1473G:p.F491L,HAP1:NM_001079871:exon10:c.C1449G:p.F483L,HAP1:NM_001367461:exon10:c.C1449G:p.F483L,HAP1:NM_001367459:exon11:c.C1620G:p.F540L,HAP1:NM_001367460:exon11:c.C1584G:p.F528L,HAP1:NM_177977:exon11:c.C1524G:p.F508L",0.8668,0.9187,0.7502,0.8834,0.7972,0.8724,0.8951,0.9113,1.0,0.010,T,0.0,0.026,B,0.0,0.013,B,0.715,0.063,N,1.000,0.090,P,-0.46,0.027,N,1.8,0.272,T,2.83,0.020,N,0.01,0.023,-0.960,0.393,T,0.000,0.000,T,.,.,.,-0.979,0.033,0.018,0.458,0.036,0.000,0.001,N,c,-1.784,-1.763,0.000,0.057,0.646,0.450,0,-1.63,0.079,-1.925,0.016,-0.514,0.050,0.000,0.063,0.001,0.043,0.225,0.002,.,ENSG00000173805.11|ENSG00000173805.11|ENSG00000173805.11,Adipose_Subcutaneous|Nerve_Tibial|Skin_Sun_Exposed_Lower_leg
17,41732203,41732203,G,C,"intronic","HAP1",.,.,.,0.8177,0.8509,0.7831,0.8819,0.7711,0.8023,0.8190,0.8680,.,.,.,.,.,.,.,.,.,.,.,.,.,.,.,.,.,.,.,.,.,.,.,.,.,.,.,.,.,.,.,.,.,.,.,.,.,.,.,.,.,.,.,.,.,.,.,.,.,.,.,.,.,.,.,.,.,.,.,.,.,.,.,.,.,.
2,32064040,32064040,A,G,"exonic","SPAST",.,"nonsynonymous SNV","SPAST:NM_001363823:exon1:c.A209G:p.H70R,SPAST:NM_001363875:exon1:c.A209G:p.H70R,SPAST:NM_001377959:exon1:c.A209G:p.H70R,SPAST:NM_014946:exon1:c.A209G:p.H70R,SPAST:NM_199436:exon1:c.A209G:p.H70R",.,.,.,.,.,.,.,.,0.268,0.185,T,0.0,0.067,B,0.001,0.040,B,0.028,0.256,N,0.565,0.312,N,0,0.065,N,-3.14,0.929,D,-0.72,0.204,N,0.143,0.168,-0.209,0.775,T,0.472,0.797,T,0.861,0.989,D,0.938,0.184,10.30,0.920,0.208,0.347,0.249,N,c,-0.356,-0.181,1.000,0.747,0.267,0.040,1,3.13,0.349,2.779,0.472,1.063,0.847,1.000,0.715,0.988,0.529,8.483,0.320,.,.,.
2,32115869,32115869,G,A,"intronic","SPAST",.,.,.,.,.,.,.,.,.,.,.,.,.,.,.,.,.,.,.,.,.,.,.,.,.,.,.,.,.,.,.,.,.,.,.,.,.,.,.,.,.,.,.,.,.,.,.,.,.,.,.,.,.,.,.,.,.,.,.,.,.,.,.,.,.,.,.,.,.,.,.,.,.,.,.,.,.
2,70210095,70210095,T,C,"UTR3","TIA1","NM_001351512:c.*2624A>G;NM_001351509:c.*2624A>G;NM_001351510:c.*2624A>G;NM_001351514:c.*2624A>G;NM_001351525:c.*2624A>G;NM_001351524:c.*2624A>G;NM_022037:c.*2624A>G;NM_001351513:c.*2624A>G;NM_001351511:c.*2624A>G;NM_001351508:c.*2624A>G;NM_001351517:c.*2624A>G;NM_001351515:c.*2624A>G;NM_022173:c.*2624A>G",.,.,.,.,.,.,.,.,.,.,.,.,.,.,.,.,.,.,.,.,.,.,.,.,.,.,.,.,.,.,.,.,.,.,.,.,.,.,.,.,.,.,.,.,.,.,.,.,.,.,.,.,.,.,.,.,.,.,.,.,.,.,.,.,.,.,.,.,.,.,.,.,.,.,.,.
2,70212325,70212327,TTT,-,"UTR3","TIA1","NM_001351512:c.*394_*392delAAA;NM_001351509:c.*394_*392delAAA;NM_001351510:c.*394_*392delAAA;NM_001351514:c.*394_*392delAAA;NM_001351525:c.*394_*392delAAA;NM_001351524:c.*394_*392delAAA;NM_022037:c.*394_*392delAAA;NM_001351513:c.*394_*392delAAA;NM_001351511:c.*394_*392delAAA;NM_001351508:c.*394_*392delAAA;NM_001351517:c.*394_*392delAAA;NM_001351515:c.*394_*392delAAA;NM_022173:c.*394_*392delAAA",.,.,.,.,.,.,.,.,.,.,.,.,.,.,.,.,.,.,.,.,.,.,.,.,.,.,.,.,.,.,.,.,.,.,.,.,.,.,.,.,.,.,.,.,.,.,.,.,.,.,.,.,.,.,.,.,.,.,.,.,.,.,.,.,.,.,.,.,.,.,.,.,.,.,.,.
2,70212794,70212794,C,T,"exonic","TIA1",.,"synonymous SNV","TIA1:NM_001351514:exon11:c.G858A:p.P286P,TIA1:NM_001351509:exon12:c.G1059A:p.P353P,TIA1:NM_001351510:exon12:c.G1050A:p.P350P,TIA1:NM_001351512:exon12:c.G948A:p.P316P,TIA1:NM_001351513:exon12:c.G942A:p.P314P,TIA1:NM_022037:exon12:c.G1053A:p.P351P,TIA1:NM_001351508:exon13:c.G1083A:p.P361P,TIA1:NM_001351511:exon13:c.G975A:p.P325P,TIA1:NM_001351515:exon13:c.G783A:p.P261P,TIA1:NM_001351524:exon13:c.G666A:p.P222P,TIA1:NM_001351525:exon13:c.G666A:p.P222P,TIA1:NM_022173:exon13:c.G1086A:p.P362P,TIA1:NM_001351517:exon15:c.G663A:p.P221P",0.0020,0.0220,0.0010,0,0,1.498e-05,0.0011,0,.,.,.,.,.,.,.,.,.,.,.,.,.,.,.,.,.,.,.,.,.,.,.,.,.,.,.,.,.,.,.,.,.,.,.,.,.,.,.,.,.,.,.,.,.,.,.,.,.,.,.,.,.,.,.,.,.,.,.,.,.,.,.,.,.,.
2,70227780,70227780,G,A,"exonic","TIA1",.,"stopgain","TIA1:NM_001351520:exon7:c.C478T:p.Q160X",.,.,.,.,.,.,.,.,0.017,0.586,D,0.889,0.507,P,0.922,0.640,D,0.000,0.843,D,1.000,0.588,D,2.77,0.812,M,-1.37,0.802,T,-3.22,0.665,D,0.842,0.847,0.590,0.918,D,0.715,0.902,D,0.088,0.751,D,5.150,0.695,25.4,0.997,0.784,0.995,0.967,D,c,0.846,0.809,1.000,0.747,0.732,0.924,0,4.78,0.605,9.904,0.986,1.048,0.713,1.000,0.715,1.000,0.888,15.701,0.772,Nucleotide-binding alpha-beta plait domain|RNA recognition motif domain;Nucleotide-binding alpha-beta plait domain|RNA recognition motif domain|RNA recognition motif domain\x2c eukaryote,.,.
2,74370605,74370605,G,T,"intronic","DCTN1",.,.,.,.,.,.,.,.,.,.,.,.,.,.,.,.,.,.,.,.,.,.,.,.,.,.,.,.,.,.,.,.,.,.,.,.,.,.,.,.,.,.,.,.,.,.,.,.,.,.,.,.,.,.,.,.,.,.,.,.,.,.,.,.,.,.,.,.,.,.,.,.,.,.,.,.,.
2,135511732,135511732,C,G,"intronic","ZRANB3",.,.,.,.,.,.,.,.,.,.,.,.,.,.,.,.,.,.,.,.,.,.,.,.,.,.,.,.,.,.,.,.,.,.,.,.,.,.,.,.,.,.,.,.,.,.,.,.,.,.,.,.,.,.,.,.,.,.,.,.,.,.,.,.,.,.,.,.,.,.,.,.,.,.,.,.,.
2,135511741,135511741,C,T,"intronic","ZRANB3",.,.,.,.,.,.,.,.,.,.,.,.,.,.,.,.,.,.,.,.,.,.,.,.,.,.,.,.,.,.,.,.,.,.,.,.,.,.,.,.,.,.,.,.,.,.,.,.,.,.,.,.,.,.,.,.,.,.,.,.,.,.,.,.,.,.,.,.,.,.,.,.,.,.,.,.,.
2,178112893,178112893,C,G,"intronic","RBM45",.,.,.,0.4060,0.1109,0.6028,0.5827,0.5197,0.3841,0.3866,0.3625,.,.,.,.,.,.,.,.,.,.,.,.,.,.,.,.,.,.,.,.,.,.,.,.,.,.,.,.,.,.,.,.,.,.,.,.,.,.,.,.,.,.,.,.,.,.,.,.,.,.,.,.,.,.,.,.,.,.,.,.,.,.,.,.,.,.
2,178121437,178121444,CACACACA,-,"intronic","RBM45",.,.,.,.,.,.,.,.,.,.,.,.,.,.,.,.,.,.,.,.,.,.,.,.,.,.,.,.,.,.,.,.,.,.,.,.,.,.,.,.,.,.,.,.,.,.,.,.,.,.,.,.,.,.,.,.,.,.,.,.,.,.,.,.,.,.,.,.,.,.,.,.,.,.,.,.,.
2,178129487,178129489,TTT,-,"UTR3","RBM45","NM_001365579:c.*99_*101delTTT;NM_001365578:c.*137_*139delTTT;NM_152945:c.*99_*101delTTT",.,.,.,.,.,.,.,.,.,.,.,.,.,.,.,.,.,.,.,.,.,.,.,.,.,.,.,.,.,.,.,.,.,.,.,.,.,.,.,.,.,.,.,.,.,.,.,.,.,.,.,.,.,.,.,.,.,.,.,.,.,.,.,.,.,.,.,.,.,.,.,.,.,.,.,.
2,201700958,201700958,G,A,"UTR3","ALS2","NM_020919:c.*893C>T",.,.,.,.,.,.,.,.,.,.,.,.,.,.,.,.,.,.,.,.,.,.,.,.,.,.,.,.,.,.,.,.,.,.,.,.,.,.,.,.,.,.,.,.,.,.,.,.,.,.,.,.,.,.,.,.,.,.,.,.,.,.,.,.,.,.,.,.,.,.,.,.,.,.,.,.
2,201710102,201710102,C,T,"intronic","ALS2",.,.,.,.,.,.,.,.,.,.,.,.,.,.,.,.,.,.,.,.,.,.,.,.,.,.,.,.,.,.,.,.,.,.,.,.,.,.,.,.,.,.,.,.,.,.,.,.,.,.,.,.,.,.,.,.,.,.,.,.,.,.,.,.,.,.,.,.,.,.,.,.,.,.,.,.,.
2,201711098,201711098,G,A,"exonic","ALS2",.,"synonymous SNV","ALS2:NM_020919:exon26:c.C4015T:p.L1339L",0.9232,0.8239,0.8948,0.9849,0.9566,0.9222,0.9308,0.9603,.,.,.,.,.,.,.,.,.,.,.,.,.,.,.,.,.,.,.,.,.,.,.,.,.,.,.,.,.,.,.,.,.,.,.,.,.,.,.,.,.,.,.,.,.,.,.,.,.,.,.,.,.,.,.,.,.,.,.,.,.,.,.,.,.,.
2,201715605,201715605,T,G,"intronic","ALS2",.,.,.,.,.,.,.,.,.,.,.,.,.,.,.,.,.,.,.,.,.,.,.,.,.,.,.,.,.,.,.,.,.,.,.,.,.,.,.,.,.,.,.,.,.,.,.,.,.,.,.,.,.,.,.,.,.,.,.,.,.,.,.,.,.,.,.,.,.,.,.,.,.,.,.,.,.
2,201715647,201715647,G,A,"intronic","ALS2",.,.,.,0.8305,0.7863,0.8627,0.7474,0.8520,0.8366,0.8522,0.8429,.,.,.,.,.,.,.,.,.,.,.,.,.,.,.,.,.,.,.,.,.,.,.,.,.,.,.,.,.,.,.,.,.,.,.,.,.,.,.,.,.,.,.,.,.,.,.,.,.,.,.,.,.,.,.,.,.,.,.,.,.,.,.,.,.,.
2,201733390,201733390,C,T,"exonic","ALS2",.,"synonymous SNV","ALS2:NM_020919:exon13:c.G2466A:p.V822V",0.5272,0.1575,0.6708,0.3467,0.5757,0.6063,0.5391,0.4008,.,.,.,.,.,.,.,.,.,.,.,.,.,.,.,.,.,.,.,.,.,.,.,.,.,.,.,.,.,.,.,.,.,.,.,.,.,.,.,.,.,.,.,.,.,.,.,.,.,.,.,.,.,.,.,.,.,.,.,.,.,.,.,.,.,.
2,201741916,201741916,G,A,"intronic","ALS2",.,.,.,.,.,.,.,.,.,.,.,.,.,.,.,.,.,.,.,.,.,.,.,.,.,.,.,.,.,.,.,.,.,.,.,.,.,.,.,.,.,.,.,.,.,.,.,.,.,.,.,.,.,.,.,.,.,.,.,.,.,.,.,.,.,.,.,.,.,.,.,.,.,.,.,.,.
2,201754450,201754450,G,A,"intronic","ALS2",.,.,.,.,.,.,.,.,.,.,.,.,.,.,.,.,.,.,.,.,.,.,.,.,.,.,.,.,.,.,.,.,.,.,.,.,.,.,.,.,.,.,.,.,.,.,.,.,.,.,.,.,.,.,.,.,.,.,.,.,.,.,.,.,.,.,.,.,.,.,.,.,.,.,.,.,.
2,201760892,201760892,C,T,"exonic","ALS2",.,"nonsynonymous SNV","ALS2:NM_001135745:exon4:c.G1102A:p.V368M,ALS2:NM_020919:exon4:c.G1102A:p.V368M",0.9106,0.7836,0.9351,0.9999,0.9241,0.9018,0.9154,0.9519,0.191,0.226,T,0.006,0.126,B,0.009,0.133,B,0.335,0.042,N,1,0.090,P,0.55,0.145,N,0.48,0.560,T,-0.06,0.098,N,0.018,0.015,-0.997,0.307,T,0.000,0.000,T,.,.,.,-0.888,0.036,0.027,0.504,0.043,0.056,0.113,N,c,-2.048,-2.020,0.499,0.209,0.706,0.609,0,-3.78,0.040,-1.951,0.016,-3.533,0.001,0.000,0.063,0.001,0.043,8.714,0.334,.,.,.
2,201761519,201761519,C,T,"exonic","ALS2",.,"nonsynonymous SNV","ALS2:NM_001135745:exon4:c.G475A:p.E159K,ALS2:NM_020919:exon4:c.G475A:p.E159K",0.0067,0.0004,0.0641,0.0032,0,0.0004,0.0078,0.0003,0.1,0.305,T,0.898,0.475,P,0.156,0.328,B,0.000,0.629,D,1.000,0.588,D,1.705,0.444,L,-1.89,0.846,D,-1.04,0.366,N,0.417,0.474,-0.257,0.762,T,0.298,0.670,T,.,.,.,3.363,0.463,22.9,0.999,0.953,0.985,0.834,D,c,0.329,0.461,1.000,0.747,0.707,0.730,0,6.17,0.997,4.884,0.626,0.935,0.490,1.000,0.715,0.930,0.404,14.957,0.706,Regulator of chromosome condensation 1/beta-lactamase-inhibitor protein II,.,.
2,211422047,211422047,G,C,"exonic","ERBB4",.,"stopgain","ERBB4:NM_001042599:exon24:c.C2924G:p.S975X,ERBB4:NM_005235:exon24:c.C2924G:p.S975X",.,.,.,.,.,.,.,.,.,.,.,.,.,.,.,.,.,0.017,0.277,N,1,0.810,A,.,.,.,.,.,.,.,.,.,.,.,.,.,.,.,.,.,.,.,.,14.705,0.997,47,0.997,0.825,0.965,0.691,D,c,1.119,0.981,0.841,0.248,0.554,0.246,0,5.69,0.883,4.925,0.629,0.988,0.601,1.000,0.715,1.000,0.888,19.809,0.965,Protein kinase domain|Protein kinase-like domain,.,.
2,211422048,211422048,A,G,"exonic","ERBB4",.,"nonsynonymous SNV","ERBB4:NM_001042599:exon24:c.T2923C:p.S975P,ERBB4:NM_005235:exon24:c.T2923C:p.S975P",.,.,.,.,.,.,.,.,0.001,0.784,D,0.762,0.520,P,0.306,0.576,B,0.017,0.277,N,1.000,0.474,D,1.75,0.456,L,0.03,0.622,T,-2.97,0.618,D,0.756,0.750,-0.278,0.756,T,0.366,0.726,T,0.060,0.681,D,6.141,0.847,28.4,0.999,0.937,0.949,0.625,D,c,0.418,0.480,0.055,0.150,0.554,0.246,0,5.69,0.883,3.781,0.549,1.128,0.882,1.000,0.715,1.000,0.888,15.941,0.794,Protein kinase domain|Protein kinase-like domain,.,.
2,211561863,211561863,C,T,"intronic","ERBB4",.,.,.,0.0376,0.0070,0.0160,0.0001,0.1289,0.0484,0.0376,0.0111,.,.,.,.,.,.,.,.,.,.,.,.,.,.,.,.,.,.,.,.,.,.,.,.,.,.,.,.,.,.,.,.,.,.,.,.,.,.,.,.,.,.,.,.,.,.,.,.,.,.,.,.,.,.,.,.,.,.,.,.,.,.,.,.,.,.
2,211679199,211679199,A,G,"intronic","ERBB4",.,.,.,0.3970,0.5190,0.3367,0.0128,0.3756,0.4481,0.4078,0.3655,.,.,.,.,.,.,.,.,.,.,.,.,.,.,.,.,.,.,.,.,.,.,.,.,.,.,.,.,.,.,.,.,.,.,.,.,.,.,.,.,.,.,.,.,.,.,.,.,.,.,.,.,.,.,.,.,.,.,.,.,.,.,.,.,.,.
2,211705258,211705258,G,A,"intronic","ERBB4",.,.,.,.,.,.,.,.,.,.,.,.,.,.,.,.,.,.,.,.,.,.,.,.,.,.,.,.,.,.,.,.,.,.,.,.,.,.,.,.,.,.,.,.,.,.,.,.,.,.,.,.,.,.,.,.,.,.,.,.,.,.,.,.,.,.,.,.,.,.,.,.,.,.,.,.,.
2,211705269,211705269,A,T,"intronic","ERBB4",.,.,.,0.0924,0.0189,0.0331,0.0013,0.1804,0.1330,0.0763,0.0294,.,.,.,.,.,.,.,.,.,.,.,.,.,.,.,.,.,.,.,.,.,.,.,.,.,.,.,.,.,.,.,.,.,.,.,.,.,.,.,.,.,.,.,.,.,.,.,.,.,.,.,.,.,.,.,.,.,.,.,.,.,.,.,.,.,.
2,211725261,211725261,T,C,"intronic","ERBB4",.,.,.,.,.,.,.,.,.,.,.,.,.,.,.,.,.,.,.,.,.,.,.,.,.,.,.,.,.,.,.,.,.,.,.,.,.,.,.,.,.,.,.,.,.,.,.,.,.,.,.,.,.,.,.,.,.,.,.,.,.,.,.,.,.,.,.,.,.,.,.,.,.,.,.,.,.
2,211947453,211947453,T,C,"exonic","ERBB4",.,"nonsynonymous SNV","ERBB4:NM_001042599:exon3:c.A398G:p.E133G,ERBB4:NM_005235:exon3:c.A398G:p.E133G",.,.,.,.,.,.,.,.,0.001,0.784,D,0.822,0.523,P,0.378,0.577,B,0.000,0.559,D,0.997,0.433,D,2.44,0.710,M,-1.51,0.814,D,-4.42,0.829,D,0.34,0.427,-0.079,0.806,T,0.428,0.771,T,0.119,0.800,D,5.894,0.808,27.4,0.997,0.786,0.965,0.693,D,c,0.520,0.550,1.000,0.454,0.487,0.133,0,5.54,0.828,6.268,0.723,0.964,0.580,1.000,0.715,1.000,0.888,10.837,0.457,Leucine-rich repeat domain\x2c L domain-like|Receptor L-domain,.,.
2,219253809,219253809,G,C,"intronic","TUBA4A;TUBA4B",.,.,.,0.8064,0.4579,0.8468,0.8092,0.9362,0.8755,0.8546,0.7961,.,.,.,.,.,.,.,.,.,.,.,.,.,.,.,.,.,.,.,.,.,.,.,.,.,.,.,.,.,.,.,.,.,.,.,.,.,.,.,.,.,.,.,.,.,.,.,.,.,.,.,.,.,.,.,.,.,.,.,.,.,.,.,.,.,.
20,6201121,6201121,A,G,"intergenic","FERMT1;CASC20","dist=78091;dist=225611",.,.,.,.,.,.,.,.,.,.,.,.,.,.,.,.,.,.,.,.,.,.,.,.,.,.,.,.,.,.,.,.,.,.,.,.,.,.,.,.,.,.,.,.,.,.,.,.,.,.,.,.,.,.,.,.,.,.,.,.,.,.,.,.,.,.,.,.,.,.,.,.,.,.,.,.
20,6201125,6201125,A,G,"intergenic","FERMT1;CASC20","dist=78095;dist=225607",.,.,.,.,.,.,.,.,.,.,.,.,.,.,.,.,.,.,.,.,.,.,.,.,.,.,.,.,.,.,.,.,.,.,.,.,.,.,.,.,.,.,.,.,.,.,.,.,.,.,.,.,.,.,.,.,.,.,.,.,.,.,.,.,.,.,.,.,.,.,.,.,.,.,.,.
20,41997834,41997834,C,T,"intergenic","CHD6;PTPRT","dist=379457;dist=74922",.,.,.,.,.,.,.,.,.,.,.,.,.,.,.,.,.,.,.,.,.,.,.,.,.,.,.,.,.,.,.,.,.,.,.,.,.,.,.,.,.,.,.,.,.,.,.,.,.,.,.,.,.,.,.,.,.,.,.,.,.,.,.,.,.,.,.,.,.,.,.,.,.,.,.,.
20,41997856,41997856,T,C,"intergenic","CHD6;PTPRT","dist=379479;dist=74900",.,.,.,.,.,.,.,.,.,.,.,.,.,.,.,.,.,.,.,.,.,.,.,.,.,.,.,.,.,.,.,.,.,.,.,.,.,.,.,.,.,.,.,.,.,.,.,.,.,.,.,.,.,.,.,.,.,.,.,.,.,.,.,.,.,.,.,.,.,.,.,.,.,.,.,.
20,63964637,63964637,T,C,"exonic","ZNF512B",.,"nonsynonymous SNV","ZNF512B:NM_020713:exon6:c.A1114G:p.M372V",0.1803,0.0907,0.1787,0.0139,0.3163,0.2175,0.1724,0.1249,0.282,0.154,T,0.0,0.026,B,0.0,0.013,B,0.867,0.071,N,1,0.090,P,1.1,0.281,L,2.03,0.210,T,-0.45,0.148,N,0.035,0.015,-1.010,0.268,T,0.000,0.000,T,.,.,.,-3.824,0.000,0.001,0.303,0.016,0.061,0.119,N,c,-2.052,-2.154,1.000,0.747,0.707,0.730,0,-11.0,0.001,-1.488,0.024,-1.039,0.021,0.000,0.063,0.001,0.043,8.236,0.306,.,ENSG00000198276.9|ENSG00000198276.9,Esophagus_Mucosa|Skin_Sun_Exposed_Lower_leg
22,18126635,18126635,T,C,"exonic","TUBA8",.,"synonymous SNV","TUBA8:NM_001193414:exon4:c.T459C:p.I153I,TUBA8:NM_018943:exon4:c.T657C:p.I219I",.,.,.,.,.,.,.,.,.,.,.,.,.,.,.,.,.,.,.,.,.,.,.,.,.,.,.,.,.,.,.,.,.,.,.,.,.,.,.,.,.,.,.,.,.,.,.,.,.,.,.,.,.,.,.,.,.,.,.,.,.,.,.,.,.,.,.,.,.,.,.,.,.,.
22,18126644,18126644,T,A,"exonic","TUBA8",.,"synonymous SNV","TUBA8:NM_001193414:exon4:c.T468A:p.P156P,TUBA8:NM_018943:exon4:c.T666A:p.P222P",8.236e-06,0,0,0.0001,0,0,0,0,.,.,.,.,.,.,.,.,.,.,.,.,.,.,.,.,.,.,.,.,.,.,.,.,.,.,.,.,.,.,.,.,.,.,.,.,.,.,.,.,.,.,.,.,.,.,.,.,.,.,.,.,.,.,.,.,.,.,.,.,.,.,.,.,.,.
22,18126650,18126650,T,C,"exonic","TUBA8",.,"synonymous SNV","TUBA8:NM_001193414:exon4:c.T474C:p.Y158Y,TUBA8:NM_018943:exon4:c.T672C:p.Y224Y",.,.,.,.,.,.,.,.,.,.,.,.,.,.,.,.,.,.,.,.,.,.,.,.,.,.,.,.,.,.,.,.,.,.,.,.,.,.,.,.,.,.,.,.,.,.,.,.,.,.,.,.,.,.,.,.,.,.,.,.,.,.,.,.,.,.,.,.,.,.,.,.,.,.
22,18126767,18126767,C,T,"exonic","TUBA8",.,"synonymous SNV","TUBA8:NM_001193414:exon4:c.C591T:p.P197P,TUBA8:NM_018943:exon4:c.C789T:p.P263P",.,.,.,.,.,.,.,.,.,.,.,.,.,.,.,.,.,.,.,.,.,.,.,.,.,.,.,.,.,.,.,.,.,.,.,.,.,.,.,.,.,.,.,.,.,.,.,.,.,.,.,.,.,.,.,.,.,.,.,.,.,.,.,.,.,.,.,.,.,.,.,.,.,.
22,18126782,18126782,G,C,"exonic","TUBA8",.,"synonymous SNV","TUBA8:NM_001193414:exon4:c.G606C:p.P202P,TUBA8:NM_018943:exon4:c.G804C:p.P268P",.,.,.,.,.,.,.,.,.,.,.,.,.,.,.,.,.,.,.,.,.,.,.,.,.,.,.,.,.,.,.,.,.,.,.,.,.,.,.,.,.,.,.,.,.,.,.,.,.,.,.,.,.,.,.,.,.,.,.,.,.,.,.,.,.,.,.,.,.,.,.,.,.,.
22,29296369,29296369,G,A,"splicing","EWSR1","NM_013986:exon13:c.1309+1G>A;NM_005243:exon12:c.1294+1G>A;NM_001163285:exon12:c.1291+1G>A;NM_001163286:exon11:c.1126+1G>A",.,.,.,.,.,.,.,.,.,.,.,.,.,.,.,.,.,.,.,.,.,.,1,0.810,D,.,.,.,.,.,.,.,.,.,.,.,.,.,.,.,.,.,.,.,.,5.053,0.680,25.2,0.995,0.697,0.987,0.854,D,c,1.090,0.892,1.000,0.747,0.257,0.036,0,4.24,0.493,9.529,0.971,0.949,0.536,1.000,0.715,0.917,0.393,16.625,0.847,.,.,.
22,29480614,29480614,C,T,"exonic","NEFH",.,"synonymous SNV","NEFH:NM_021076:exon1:c.C352T:p.L118L",.,.,.,.,.,.,.,.,.,.,.,.,.,.,.,.,.,.,.,.,.,.,.,.,.,.,.,.,.,.,.,.,.,.,.,.,.,.,.,.,.,.,.,.,.,.,.,.,.,.,.,.,.,.,.,.,.,.,.,.,.,.,.,.,.,.,.,.,.,.,.,.,.,.
22,29485895,29485895,G,A,"intronic","NEFH",.,.,.,0.9677,0.9904,0.9798,1,0.9369,0.9550,0.9679,0.9920,.,.,.,.,.,.,.,.,.,.,.,.,.,.,.,.,.,.,.,.,.,.,.,.,.,.,.,.,.,.,.,.,.,.,.,.,.,.,.,.,.,.,.,.,.,.,.,.,.,.,.,.,.,.,.,.,.,.,.,.,.,.,.,.,.,.
22,29489613,29489618,AAGAGG,-,"exonic","NEFH",.,"nonframeshift deletion","NEFH:NM_021076:exon4:c.1973_1978del:p.E658_E659del",.,.,.,.,.,.,.,.,.,.,.,.,.,.,.,.,.,.,.,.,.,.,.,.,.,.,.,.,.,.,.,.,.,.,.,.,.,.,.,.,.,.,.,.,.,.,.,.,.,.,.,.,.,.,.,.,.,.,.,.,.,.,.,.,.,.,.,.,.,.,.,.,.,.
22,29490424,29490424,A,G,"exonic","NEFH",.,"synonymous SNV","NEFH:NM_021076:exon4:c.A2784G:p.V928V",0.8190,0.8346,0.8008,0.9230,0.8829,0.7913,0.7987,0.8552,.,.,.,.,.,.,.,.,.,.,.,.,.,.,.,.,.,.,.,.,.,.,.,.,.,.,.,.,.,.,.,.,.,.,.,.,.,.,.,.,.,.,.,.,.,.,.,.,.,.,.,.,.,.,.,.,.,.,.,.,.,.,.,.,.,.
3,39502108,39502108,C,T,"exonic","MOBP",.,"synonymous SNV","MOBP:NM_001278323:exon2:c.C39T:p.S13S,MOBP:NM_001278322:exon3:c.C39T:p.S13S,MOBP:NM_182935:exon3:c.C39T:p.S13S",0.0014,0.0007,0.0108,0.0038,0,1.499e-05,0.0011,6.061e-05,.,.,.,.,.,.,.,.,.,.,.,.,.,.,.,.,.,.,.,.,.,.,.,.,.,.,.,.,.,.,.,.,.,.,.,.,.,.,.,.,.,.,.,.,.,.,.,.,.,.,.,.,.,.,.,.,.,.,.,.,.,.,.,.,.,.
3,39502830,39502830,C,A,"exonic","MOBP",.,"nonsynonymous SNV","MOBP:NM_001278323:exon3:c.C502A:p.P168T,MOBP:NM_001278322:exon4:c.C574A:p.P192T",.,.,.,.,.,.,.,.,0.0,0.912,D,0.573,0.368,P,0.199,0.351,B,0.025,0.262,N,1,0.810,D,0.895,0.225,L,.,.,.,-0.23,0.168,N,0.34,0.401,-1.067,0.101,T,0.057,0.239,T,0.030,0.527,D,2.708,0.386,20.9,0.979,0.361,0.652,0.324,D,c,-0.027,0.005,1.000,0.517,0.447,0.083,0,2.64,0.304,2.504,0.448,0.935,0.490,1.000,0.715,0.997,0.653,6.854,0.231,.,.,.
3,39513455,39513455,C,T,"UTR3","MOBP","NM_001278322:c.*72C>T;NM_182935:c.*33C>T",.,.,0.1957,0.2349,0.2544,0.2063,0.1931,0.1975,0.1965,0.1184,.,.,.,.,.,.,.,.,.,.,.,.,.,.,.,.,.,.,.,.,.,.,.,.,.,.,.,.,.,.,.,.,.,.,.,.,.,.,.,.,.,.,.,.,.,.,.,.,.,.,.,.,.,.,.,.,.,.,.,.,.,.,.,.,.,.
3,39514006,39514006,T,G,"UTR3","MOBP","NM_001278322:c.*623T>G;NM_182935:c.*584T>G",.,.,.,.,.,.,.,.,.,.,.,.,.,.,.,.,.,.,.,.,.,.,.,.,.,.,.,.,.,.,.,.,.,.,.,.,.,.,.,.,.,.,.,.,.,.,.,.,.,.,.,.,.,.,.,.,.,.,.,.,.,.,.,.,.,.,.,.,.,.,.,.,.,.,.,.
3,39514089,39514089,A,G,"UTR3","MOBP","NM_001278322:c.*706A>G;NM_182935:c.*667A>G",.,.,.,.,.,.,.,.,.,.,.,.,.,.,.,.,.,.,.,.,.,.,.,.,.,.,.,.,.,.,.,.,.,.,.,.,.,.,.,.,.,.,.,.,.,.,.,.,.,.,.,.,.,.,.,.,.,.,.,.,.,.,.,.,.,.,.,.,.,.,.,.,.,.,.,.
3,39514664,39514664,G,A,"UTR3","MOBP","NM_001278322:c.*1281G>A;NM_182935:c.*1242G>A",.,.,.,.,.,.,.,.,.,.,.,.,.,.,.,.,.,.,.,.,.,.,.,.,.,.,.,.,.,.,.,.,.,.,.,.,.,.,.,.,.,.,.,.,.,.,.,.,.,.,.,.,.,.,.,.,.,.,.,.,.,.,.,.,.,.,.,.,.,.,.,.,.,.,.,.
3,39514702,39514702,A,G,"UTR3","MOBP","NM_001278322:c.*1319A>G;NM_182935:c.*1280A>G",.,.,.,.,.,.,.,.,.,.,.,.,.,.,.,.,.,.,.,.,.,.,.,.,.,.,.,.,.,.,.,.,.,.,.,.,.,.,.,.,.,.,.,.,.,.,.,.,.,.,.,.,.,.,.,.,.,.,.,.,.,.,.,.,.,.,.,.,.,.,.,.,.,.,.,.
3,39514718,39514718,G,A,"UTR3","MOBP","NM_001278322:c.*1335G>A;NM_182935:c.*1296G>A",.,.,.,.,.,.,.,.,.,.,.,.,.,.,.,.,.,.,.,.,.,.,.,.,.,.,.,.,.,.,.,.,.,.,.,.,.,.,.,.,.,.,.,.,.,.,.,.,.,.,.,.,.,.,.,.,.,.,.,.,.,.,.,.,.,.,.,.,.,.,.,.,.,.,.,.
3,39515070,39515070,A,G,"UTR3","MOBP","NM_001278322:c.*1687A>G;NM_182935:c.*1648A>G",.,.,.,.,.,.,.,.,.,.,.,.,.,.,.,.,.,.,.,.,.,.,.,.,.,.,.,.,.,.,.,.,.,.,.,.,.,.,.,.,.,.,.,.,.,.,.,.,.,.,.,.,.,.,.,.,.,.,.,.,.,.,.,.,.,.,.,.,.,.,.,.,.,.,.,.
3,39515347,39515347,C,T,"UTR3","MOBP","NM_001278322:c.*1964C>T;NM_182935:c.*1925C>T",.,.,.,.,.,.,.,.,.,.,.,.,.,.,.,.,.,.,.,.,.,.,.,.,.,.,.,.,.,.,.,.,.,.,.,.,.,.,.,.,.,.,.,.,.,.,.,.,.,.,.,.,.,.,.,.,.,.,.,.,.,.,.,.,.,.,.,.,.,.,.,.,.,.,.,.
3,39515747,39515747,C,T,"UTR3","MOBP","NM_001278322:c.*2364C>T;NM_182935:c.*2325C>T",.,.,.,.,.,.,.,.,.,.,.,.,.,.,.,.,.,.,.,.,.,.,.,.,.,.,.,.,.,.,.,.,.,.,.,.,.,.,.,.,.,.,.,.,.,.,.,.,.,.,.,.,.,.,.,.,.,.,.,.,.,.,.,.,.,.,.,.,.,.,.,.,.,.,.,.
3,39525267,39525267,G,A,"intergenic","MOBP;MYRIP","dist=9264;dist=283647",.,.,.,.,.,.,.,.,.,.,.,.,.,.,.,.,.,.,.,.,.,.,.,.,.,.,.,.,.,.,.,.,.,.,.,.,.,.,.,.,.,.,.,.,.,.,.,.,.,.,.,.,.,.,.,.,.,.,.,.,.,.,.,.,.,.,.,.,.,.,.,.,.,.,.,.
3,39525562,39525562,C,T,"intergenic","MOBP;MYRIP","dist=9559;dist=283352",.,.,.,.,.,.,.,.,.,.,.,.,.,.,.,.,.,.,.,.,.,.,.,.,.,.,.,.,.,.,.,.,.,.,.,.,.,.,.,.,.,.,.,.,.,.,.,.,.,.,.,.,.,.,.,.,.,.,.,.,.,.,.,.,.,.,.,.,.,.,.,.,.,.,.,.
3,39525596,39525596,G,C,"intergenic","MOBP;MYRIP","dist=9593;dist=283318",.,.,.,.,.,.,.,.,.,.,.,.,.,.,.,.,.,.,.,.,.,.,.,.,.,.,.,.,.,.,.,.,.,.,.,.,.,.,.,.,.,.,.,.,.,.,.,.,.,.,.,.,.,.,.,.,.,.,.,.,.,.,.,.,.,.,.,.,.,.,.,.,.,.,.,.
3,39528222,39528222,C,T,"intergenic","MOBP;MYRIP","dist=12219;dist=280692",.,.,.,.,.,.,.,.,.,.,.,.,.,.,.,.,.,.,.,.,.,.,.,.,.,.,.,.,.,.,.,.,.,.,.,.,.,.,.,.,.,.,.,.,.,.,.,.,.,.,.,.,.,.,.,.,.,.,.,.,.,.,.,.,.,.,.,.,.,.,.,.,.,.,.,.
3,39528519,39528519,C,T,"intergenic","MOBP;MYRIP","dist=12516;dist=280395",.,.,.,.,.,.,.,.,.,.,.,.,.,.,.,.,.,.,.,.,.,.,.,.,.,.,.,.,.,.,.,.,.,.,.,.,.,.,.,.,.,.,.,.,.,.,.,.,.,.,.,.,.,.,.,.,.,.,.,.,.,.,.,.,.,.,.,.,.,.,.,.,.,.,.,.
3,87245899,87245899,T,C,"exonic","CHMP2B",.,"synonymous SNV","CHMP2B:NM_001244644:exon2:c.T189C:p.T63T,CHMP2B:NM_014043:exon3:c.T312C:p.T104T",0.9060,0.5710,0.9390,0.8974,0.9279,0.9421,0.9150,0.9410,.,.,.,.,.,.,.,.,.,.,.,.,.,.,.,.,.,.,.,.,.,.,.,.,.,.,.,.,.,.,.,.,.,.,.,.,.,.,.,.,.,.,.,.,.,.,.,.,.,.,.,.,.,.,.,.,.,.,.,.,.,.,.,.,.,.
3,100709351,100709351,G,C,"UTR5","TFG","NM_001007565:c.-4335G>C;NM_001195479:c.-4335G>C",.,.,.,.,.,.,.,.,.,.,.,.,.,.,.,.,.,.,.,.,.,.,.,.,.,.,.,.,.,.,.,.,.,.,.,.,.,.,.,.,.,.,.,.,.,.,.,.,.,.,.,.,.,.,.,.,.,.,.,.,.,.,.,.,.,.,.,.,.,.,.,.,.,.,.,.
3,100709361,100709361,A,G,"UTR5","TFG","NM_001007565:c.-4325A>G;NM_001195479:c.-4325A>G",.,.,.,.,.,.,.,.,.,.,.,.,.,.,.,.,.,.,.,.,.,.,.,.,.,.,.,.,.,.,.,.,.,.,.,.,.,.,.,.,.,.,.,.,.,.,.,.,.,.,.,.,.,.,.,.,.,.,.,.,.,.,.,.,.,.,.,.,.,.,.,.,.,.,.,.
3,100709616,100709616,G,C,"UTR5","TFG","NM_001195479:c.-4070G>C;NM_006070:c.-4070G>C",.,.,.,.,.,.,.,.,.,.,.,.,.,.,.,.,.,.,.,.,.,.,.,.,.,.,.,.,.,.,.,.,.,.,.,.,.,.,.,.,.,.,.,.,.,.,.,.,.,.,.,.,.,.,.,.,.,.,.,.,.,.,.,.,.,.,.,.,.,.,.,.,.,.,.,.
3,100732644,100732644,G,A,"exonic","TFG",.,"synonymous SNV","TFG:NM_001007565:exon5:c.G552A:p.A184A,TFG:NM_001195478:exon5:c.G552A:p.A184A,TFG:NM_001195479:exon5:c.G552A:p.A184A,TFG:NM_006070:exon5:c.G552A:p.A184A",0.0129,0.0973,0.0066,0.0024,0.0073,0.0053,0.0089,0.0028,.,.,.,.,.,.,.,.,.,.,.,.,.,.,.,.,.,.,.,.,.,.,.,.,.,.,.,.,.,.,.,.,.,.,.,.,.,.,.,.,.,.,.,.,.,.,.,.,.,.,.,.,.,.,.,.,.,.,.,.,.,.,.,.,.,.
3,100748174,100748174,T,C,"exonic","TFG",.,"synonymous SNV","TFG:NM_001007565:exon8:c.T846C:p.P282P,TFG:NM_001195478:exon8:c.T846C:p.P282P,TFG:NM_001195479:exon8:c.T834C:p.P278P,TFG:NM_006070:exon8:c.T846C:p.P282P",0.6993,0.6584,0.8414,0.6366,0.6720,0.6576,0.7049,0.8358,.,.,.,.,.,.,.,.,.,.,.,.,0.000,0.588,P,.,.,.,.,.,.,.,.,.,.,.,-1.026,0.216,T,0.000,0.000,T,.,.,.,-0.585,0.051,0.136,0.823,0.137,0.296,0.236,N,c,-0.019,0.050,0.999,0.373,0.707,0.730,0,4.77,0.603,1.077,0.301,0.066,0.173,1.000,0.715,0.997,0.653,5.793,0.175,.,ENSG00000206535.3|ENSG00000114354.8|ENSG00000114354.8,Lung|Testis|Whole_Blood
4,169394345,169394345,C,T,"UTR3","NEK1","NM_001374421:c.*165G>A;NM_001374420:c.*165G>A;NM_001199397:c.*165G>A;NM_001374418:c.*165G>A;NM_001374419:c.*165G>A;NM_012224:c.*165G>A;NM_001199399:c.*165G>A;NM_001199400:c.*165G>A;NM_001199398:c.*165G>A",.,.,.,.,.,.,.,.,.,.,.,.,.,.,.,.,.,.,.,.,.,.,.,.,.,.,.,.,.,.,.,.,.,.,.,.,.,.,.,.,.,.,.,.,.,.,.,.,.,.,.,.,.,.,.,.,.,.,.,.,.,.,.,.,.,.,.,.,.,.,.,.,.,.,.,.
4,169562167,169562167,A,G,"exonic","NEK1",.,"synonymous SNV","NEK1:NM_001199400:exon12:c.T1050C:p.N350N,NEK1:NM_001374418:exon12:c.T1050C:p.N350N,NEK1:NM_001374423:exon12:c.T1050C:p.N350N,NEK1:NM_012224:exon12:c.T1050C:p.N350N,NEK1:NM_001199397:exon13:c.T1050C:p.N350N,NEK1:NM_001199398:exon13:c.T1050C:p.N350N,NEK1:NM_001199399:exon13:c.T1050C:p.N350N,NEK1:NM_001374419:exon13:c.T1050C:p.N350N,NEK1:NM_001374420:exon13:c.T1050C:p.N350N,NEK1:NM_001374421:exon13:c.T1050C:p.N350N,NEK1:NM_001374422:exon13:c.T1050C:p.N350N",.,.,.,.,.,.,.,.,.,.,.,.,.,.,.,.,.,.,.,.,.,.,.,.,.,.,.,.,.,.,.,.,.,.,.,.,.,.,.,.,.,.,.,.,.,.,.,.,.,.,.,.,.,.,.,.,.,.,.,.,.,.,.,.,.,.,.,.,.,.,.,.,.,.
4,169585285,169585285,G,A,"intronic","NEK1",.,.,.,.,.,.,.,.,.,.,.,.,.,.,.,.,.,.,.,.,.,.,.,.,.,.,.,.,.,.,.,.,.,.,.,.,.,.,.,.,.,.,.,.,.,.,.,.,.,.,.,.,.,.,.,.,.,.,.,.,.,.,.,.,.,.,.,.,.,.,.,.,.,.,.,.,.
4,169585374,169585374,C,T,"exonic","NEK1",.,"nonsynonymous SNV","NEK1:NM_001199400:exon9:c.G782A:p.R261H,NEK1:NM_001374418:exon9:c.G782A:p.R261H,NEK1:NM_001374423:exon9:c.G782A:p.R261H,NEK1:NM_012224:exon9:c.G782A:p.R261H,NEK1:NM_001199397:exon10:c.G782A:p.R261H,NEK1:NM_001199398:exon10:c.G782A:p.R261H,NEK1:NM_001199399:exon10:c.G782A:p.R261H,NEK1:NM_001374419:exon10:c.G782A:p.R261H,NEK1:NM_001374420:exon10:c.G782A:p.R261H,NEK1:NM_001374421:exon10:c.G782A:p.R261H,NEK1:NM_001374422:exon10:c.G782A:p.R261H",0.0023,0.0003,0.0007,0,0.0005,0.0037,0.0011,0.0010,0.044,0.413,D,0.972,0.899,D,0.55,0.971,P,0.000,0.629,D,1,0.810,D,2.67,0.784,M,1.86,0.243,T,-3.42,0.672,D,0.716,0.718,-1.060,0.117,T,0.120,0.420,T,0.025,0.484,D,7.384,0.950,34,0.999,0.986,0.994,0.953,D,c,0.759,0.778,1.000,0.747,0.651,0.465,0,5.82,0.927,7.796,0.843,0.892,0.403,1.000,0.715,0.998,0.697,20.091,0.978,Protein kinase-like domain,.,.
5,73776529,73776529,T,C,"exonic","ARHGEF28",.,"nonsynonymous SNV","ARHGEF28:NM_001080479:exon6:c.T673C:p.W225R,ARHGEF28:NM_001177693:exon6:c.T673C:p.W225R",0.4284,0.3667,0.4378,0.3234,0.4729,0.4556,0.4431,0.3842,0.883,0.026,T,0.0,0.026,B,0.0,0.013,B,.,.,.,1,0.090,P,-1.795,0.003,N,3.38,0.058,T,0.51,0.029,N,0.067,0.054,-0.947,0.415,T,0.000,0.000,T,.,.,.,-1.015,0.031,0.015,0.459,0.036,0.005,0.024,N,c,-1.648,-1.523,0.947,0.277,0.722,0.854,0,0.823,0.179,0.243,0.177,-0.651,0.041,0.000,0.063,0.045,0.161,4.501,0.112,.,.,.
5,73795301,73795301,T,A,"intronic","ARHGEF28",.,.,.,0.4308,0.3129,0.4401,0.2786,0.4944,0.4698,0.4443,0.3890,.,.,.,.,.,.,.,.,.,.,.,.,.,.,.,.,.,.,.,.,.,.,.,.,.,.,.,.,.,.,.,.,.,.,.,.,.,.,.,.,.,.,.,.,.,.,.,.,.,.,.,.,.,.,.,.,.,.,.,.,.,.,.,.,.,.
5,73795403,73795403,C,T,"intronic","ARHGEF28",.,.,.,0.4304,0.3127,0.4406,0.2743,0.4950,0.4698,0.4454,0.3890,.,.,.,.,.,.,.,.,.,.,.,.,.,.,.,.,.,.,.,.,.,.,.,.,.,.,.,.,.,.,.,.,.,.,.,.,.,.,.,.,.,.,.,.,.,.,.,.,.,.,.,.,.,.,.,.,.,.,.,.,.,.,.,.,.,.
5,73846471,73846471,C,T,"exonic","ARHGEF28",.,"nonsynonymous SNV","ARHGEF28:NM_001244364:exon4:c.C692T:p.S231L,ARHGEF28:NM_001080479:exon12:c.C1631T:p.S544L,ARHGEF28:NM_001177693:exon12:c.C1631T:p.S544L",0.2404,0.1581,0.3143,0.0636,0.2637,0.2725,0.2483,0.1901,0.171,0.230,T,0.001,0.176,B,0.001,0.121,B,.,.,.,1,0.090,P,-0.12,0.045,N,3.09,0.098,T,-0.78,0.223,N,0.047,0.028,-0.898,0.482,T,0.000,0.000,T,.,.,.,2.417,0.352,18.93,0.951,0.255,0.020,0.059,N,c,-1.054,-0.995,0.112,0.167,0.707,0.730,0,-0.952,0.098,0.050,0.139,-1.052,0.020,0.000,0.063,0.144,0.203,10.308,0.427,.,.,.
5,73849020,73849020,A,G,"exonic","ARHGEF28",.,"synonymous SNV","ARHGEF28:NM_001244364:exon5:c.A741G:p.S247S,ARHGEF28:NM_001080479:exon13:c.A1680G:p.S560S,ARHGEF28:NM_001177693:exon13:c.A1680G:p.S560S",0.6514,0.9001,0.6934,0.6068,0.5726,0.6181,0.634,0.6270,.,.,.,.,.,.,.,.,.,.,.,.,.,.,.,.,.,.,.,.,.,.,.,.,.,.,.,.,.,.,.,.,.,.,.,.,.,.,.,.,.,.,.,.,.,.,.,.,.,.,.,.,.,.,.,.,.,.,.,.,.,.,.,.,.,.
5,73852656,73852656,G,A,"exonic","ARHGEF28",.,"nonsynonymous SNV","ARHGEF28:NM_001244364:exon6:c.G815A:p.R272K,ARHGEF28:NM_001080479:exon14:c.G1754A:p.R585K,ARHGEF28:NM_001177693:exon14:c.G1754A:p.R585K",0.2407,0.1293,0.3151,0.0632,0.2598,0.2773,0.2506,0.1914,0.016,0.524,D,0.986,0.629,D,0.744,0.600,P,.,.,.,0.366,0.328,P,2.62,0.769,M,2.77,0.136,T,-1.16,0.297,N,0.317,0.378,-1.022,0.230,T,0.000,0.000,T,.,.,.,6.747,0.921,32,0.995,0.703,0.978,0.769,D,c,0.751,0.782,1.000,0.747,0.707,0.730,0,6.17,0.997,6.545,0.736,1.044,0.665,1.000,0.715,0.962,0.444,14.622,0.681,.,.,.
5,73868006,73868006,C,T,"exonic","ARHGEF28",.,"synonymous SNV","ARHGEF28:NM_001244364:exon11:c.C1344T:p.G448G,ARHGEF28:NM_001080479:exon19:c.C2283T:p.G761G,ARHGEF28:NM_001177693:exon19:c.C2283T:p.G761G",0.2923,0.2097,0.4678,0.1408,0.3057,0.3156,0.2830,0.1998,.,.,.,.,.,.,.,.,.,.,.,.,.,.,.,.,.,.,.,.,.,.,.,.,.,.,.,.,.,.,.,.,.,.,.,.,.,.,.,.,.,.,.,.,.,.,.,.,.,.,.,.,.,.,.,.,.,.,.,.,.,.,.,.,.,.
5,73868140,73868140,C,A,"exonic","ARHGEF28",.,"nonsynonymous SNV","ARHGEF28:NM_001244364:exon12:c.C1399A:p.H467N,ARHGEF28:NM_001080479:exon20:c.C2338A:p.H780N,ARHGEF28:NM_001177693:exon20:c.C2338A:p.H780N",0.3242,0.2358,0.5036,0.1657,0.3375,0.3506,0.3127,0.2203,0.139,0.289,T,0.001,0.090,B,0.0,0.013,B,.,.,.,1,0.090,P,0,0.065,N,3.27,0.082,T,1.09,0.013,N,0.033,0.013,-0.909,0.469,T,0.000,0.000,T,.,.,.,1.200,0.210,11.75,0.786,0.120,0.004,0.020,N,c,-1.205,-1.146,0.999,0.370,0.672,0.522,0,-0.557,0.112,-0.160,0.099,-0.964,0.024,0.000,0.063,0.852,0.355,9.050,0.353,.,.,.
5,73893320,73893320,G,A,"intronic","ARHGEF28",.,.,.,0.3071,0.2688,0.4097,0.0788,0.3444,0.3602,0.3182,0.2453,.,.,.,.,.,.,.,.,.,.,.,.,.,.,.,.,.,.,.,.,.,.,.,.,.,.,.,.,.,.,.,.,.,.,.,.,.,.,.,.,.,.,.,.,.,.,.,.,.,.,.,.,.,.,.,.,.,.,.,.,.,.,.,.,.,.
5,73894416,73894416,C,T,"exonic","ARHGEF28",.,"stopgain","ARHGEF28:NM_001244364:exon21:c.C2743T:p.Q915X,ARHGEF28:NM_001080479:exon29:c.C3682T:p.Q1228X,ARHGEF28:NM_001177693:exon29:c.C3682T:p.Q1228X",.,.,.,.,.,.,.,.,.,.,.,.,.,.,.,.,.,0.007,0.315,U,1,0.810,A,.,.,.,.,.,.,.,.,.,.,.,.,.,.,.,.,.,.,.,.,14.302,0.996,45,0.998,0.911,0.992,0.931,D,c,1.017,0.868,1.000,0.747,0.707,0.730,0,5.43,0.789,5.252,0.650,0.919,0.430,1.000,0.715,0.996,0.625,14.449,0.668,Dbl homology (DH) domain,.,.
5,73901360,73901360,A,C,"intronic","ARHGEF28",.,.,.,.,.,.,.,.,.,.,.,.,.,.,.,.,.,.,.,.,.,.,.,.,.,.,.,.,.,.,.,.,.,.,.,.,.,.,.,.,.,.,.,.,.,.,.,.,.,.,.,.,.,.,.,.,.,.,.,.,.,.,.,.,.,.,.,.,.,.,.,.,.,.,.,.,.
5,73901375,73901375,G,A,"intronic","ARHGEF28",.,.,.,.,.,.,.,.,.,.,.,.,.,.,.,.,.,.,.,.,.,.,.,.,.,.,.,.,.,.,.,.,.,.,.,.,.,.,.,.,.,.,.,.,.,.,.,.,.,.,.,.,.,.,.,.,.,.,.,.,.,.,.,.,.,.,.,.,.,.,.,.,.,.,.,.,.
5,73911547,73911547,T,A,"exonic","ARHGEF28",.,"nonsynonymous SNV","ARHGEF28:NM_001244364:exon27:c.T3981A:p.H1327Q,ARHGEF28:NM_001080479:exon35:c.T4920A:p.H1640Q,ARHGEF28:NM_001177693:exon35:c.T4920A:p.H1640Q",0.3809,0.4015,0.2277,0.2687,0.3774,0.4468,0.3566,0.2407,0.576,0.061,T,0.001,0.119,B,0.001,0.080,B,0.826,0.069,N,1,0.090,P,1.06,0.271,L,3.28,0.280,T,0.49,0.030,N,0.041,0.021,-0.932,0.439,T,0.000,0.000,T,.,.,.,-0.039,0.090,2.224,0.477,0.039,0.030,0.078,N,c,-1.755,-1.720,1.000,0.422,0.707,0.730,0,-1.84,0.073,-0.484,0.066,-1.999,0.005,0.001,0.137,0.547,0.279,0.851,0.011,.,.,.
5,139274025,139274025,C,T,"ncRNA_exonic","SNHG4",.,.,.,.,.,.,.,.,.,.,.,.,.,.,.,.,.,.,.,.,.,.,.,.,.,.,.,.,.,.,.,.,.,.,.,.,.,.,.,.,.,.,.,.,.,.,.,.,.,.,.,.,.,.,.,.,.,.,.,.,.,.,.,.,.,.,.,.,.,.,.,.,.,.,.,.,.
5,139307313,139307313,-,T,"UTR5","MATR3","NM_001194954:c.-103_-102insT;NM_199189:c.-103_-102insT;NM_018834:c.-103_-102insT;NM_001194955:c.-103_-102insT",.,.,.,.,.,.,.,.,.,.,.,.,.,.,.,.,.,.,.,.,.,.,.,.,.,.,.,.,.,.,.,.,.,.,.,.,.,.,.,.,.,.,.,.,.,.,.,.,.,.,.,.,.,.,.,.,.,.,.,.,.,.,.,.,.,.,.,.,.,.,.,.,.,.,.,.
5,139330067,139330067,G,A,"UTR3","MATR3","NM_001282278:c.*672G>A;NM_001194954:c.*672G>A;NM_199189:c.*672G>A;NM_018834:c.*672G>A;NM_001194956:c.*672G>A;NM_001194955:c.*672G>A",.,.,0.6235,0.2086,0.6649,0.1480,0.5,0.6676,0.5455,0.6454,.,.,.,.,.,.,.,.,.,.,.,.,.,.,.,.,.,.,.,.,.,.,.,.,.,.,.,.,.,.,.,.,.,.,.,.,.,.,.,.,.,.,.,.,.,.,.,.,.,.,.,.,.,.,.,.,.,.,.,.,.,.,.,.,.,.
5,139330683,139330683,T,G,"UTR3","MATR3","NM_001282278:c.*1288T>G;NM_001194954:c.*1288T>G;NM_199189:c.*1288T>G;NM_018834:c.*1288T>G;NM_001194956:c.*1288T>G;NM_001194955:c.*1288T>G",.,.,0.6574,0.2340,0.7174,0.0985,.,0.6986,0.5593,0.6636,.,.,.,.,.,.,.,.,.,.,.,.,.,.,.,.,.,.,.,.,.,.,.,.,.,.,.,.,.,.,.,.,.,.,.,.,.,.,.,.,.,.,.,.,.,.,.,.,.,.,.,.,.,.,.,.,.,.,.,.,.,.,.,.,.,.
5,151771983,151771983,A,G,"ncRNA_exonic","LOC100652758",.,.,.,.,.,.,.,.,.,.,.,.,.,.,.,.,.,.,.,.,.,.,.,.,.,.,.,.,.,.,.,.,.,.,.,.,.,.,.,.,.,.,.,.,.,.,.,.,.,.,.,.,.,.,.,.,.,.,.,.,.,.,.,.,.,.,.,.,.,.,.,.,.,.,.,.,.
5,151804320,151804320,A,G,"UTR3","G3BP1","NM_005754:c.*229A>G;NM_198395:c.*229A>G",.,.,.,.,.,.,.,.,.,.,.,.,.,.,.,.,.,.,.,.,.,.,.,.,.,.,.,.,.,.,.,.,.,.,.,.,.,.,.,.,.,.,.,.,.,.,.,.,.,.,.,.,.,.,.,.,.,.,.,.,.,.,.,.,.,.,.,.,.,.,.,.,.,.,.,.
5,179833153,179833153,C,T,"exonic","SQSTM1",.,"synonymous SNV","SQSTM1:NM_003900:exon6:c.C876T:p.D292D,SQSTM1:NM_001142298:exon7:c.C624T:p.D208D,SQSTM1:NM_001142299:exon7:c.C624T:p.D208D",0.6248,0.7361,0.8031,0.8512,0.6184,0.5440,0.6314,0.6381,.,.,.,.,.,.,.,.,.,.,.,.,.,.,.,.,.,.,.,.,.,.,.,.,.,.,.,.,.,.,.,.,.,.,.,.,.,.,.,.,.,.,.,.,.,.,.,.,.,.,.,.,.,.,.,.,.,.,.,.,.,.,.,.,.,.
6,3076907,3076907,T,C,"exonic","RIPK1",.,"synonymous SNV","RIPK1:NM_001354930:exon2:c.T84C:p.F28F,RIPK1:NM_001354931:exon2:c.T84C:p.F28F,RIPK1:NM_003804:exon2:c.T84C:p.F28F",0.9148,0.8119,0.8483,0.7278,0.8984,0.9618,0.9229,0.9402,.,.,.,.,.,.,.,.,.,.,.,.,.,.,.,.,.,.,.,.,.,.,.,.,.,.,.,.,.,.,.,.,.,.,.,.,.,.,.,.,.,.,.,.,.,.,.,.,.,.,.,.,.,.,.,.,.,.,.,.,.,.,.,.,.,.
6,3085375,3085375,G,A,"exonic","RIPK1",.,"nonsynonymous SNV","RIPK1:NM_001354931:exon5:c.G667A:p.E223K,RIPK1:NM_001354930:exon6:c.G805A:p.E269K,RIPK1:NM_003804:exon6:c.G805A:p.E269K,RIPK1:NM_001354932:exon7:c.G316A:p.E106K,RIPK1:NM_001354933:exon7:c.G316A:p.E106K,RIPK1:NM_001354934:exon7:c.G316A:p.E106K,RIPK1:NM_001317061:exon8:c.G316A:p.E106K",.,.,.,.,.,.,.,.,0.268,0.161,T,0.041,0.219,B,0.032,0.229,B,0.447,0.048,N,0.996,0.231,N,0.67,0.164,N,-0.14,0.650,T,-0.76,0.212,N,0.1,0.115,-0.986,0.337,T,0.137,0.454,T,0.022,0.450,T,0.539,0.146,7.720,0.953,0.261,0.291,0.235,N,c,-1.099,-1.060,0.458,0.206,0.707,0.730,0,-0.663,0.108,0.446,0.213,-0.348,0.070,0.344,0.255,0.124,0.197,6.919,0.234,Protein kinase domain|Protein kinase-like domain|Serine-threonine/tyrosine-protein kinase catalytic domain,.,.
6,3114726,3114726,C,G,"UTR3","RIPK1","NM_003804:c.*1387C>G;NM_001317061:c.*1387C>G;NM_001354932:c.*1387C>G;NM_001354931:c.*1387C>G;NM_001354934:c.*1387C>G;NM_001354933:c.*1387C>G;NM_001354930:c.*1387C>G",.,.,.,.,.,.,.,.,.,.,.,.,.,.,.,.,.,.,.,.,.,.,.,.,.,.,.,.,.,.,.,.,.,.,.,.,.,.,.,.,.,.,.,.,.,.,.,.,.,.,.,.,.,.,.,.,.,.,.,.,.,.,.,.,.,.,.,.,.,.,.,.,.,.,.,.
6,109743849,109743851,CAA,-,"intronic","FIG4",.,.,.,.,.,.,.,.,.,.,.,.,.,.,.,.,.,.,.,.,.,.,.,.,.,.,.,.,.,.,.,.,.,.,.,.,.,.,.,.,.,.,.,.,.,.,.,.,.,.,.,.,.,.,.,.,.,.,.,.,.,.,.,.,.,.,.,.,.,.,.,.,.,.,.,.,.
6,109785031,109785031,A,G,"intronic","FIG4",.,.,.,0.5265,0.1942,0.4265,0.3269,0.5531,0.6607,0.5165,0.3579,.,.,.,.,.,.,.,.,.,.,.,.,.,.,.,.,.,.,.,.,.,.,.,.,.,.,.,.,.,.,.,.,.,.,.,.,.,.,.,.,.,.,.,.,.,.,.,.,.,.,.,.,.,.,.,.,.,.,.,.,.,.,.,.,.,.
6,109825100,109825100,G,A,"exonic","FIG4",.,"synonymous SNV","FIG4:NM_014845:exon23:c.G2559A:p.S853S",0.4289,0.1434,0.5026,0.5766,0.4179,0.4125,0.4746,0.5475,.,.,.,.,.,.,.,.,.,.,.,.,.,.,.,.,.,.,.,.,.,.,.,.,.,.,.,.,.,.,.,.,.,.,.,.,.,.,.,.,.,.,.,.,.,.,.,.,.,.,.,.,.,.,.,.,.,.,.,.,.,.,.,.,.,.
7,26197671,26197671,T,C,"exonic","HNRNPA2B1",.,"nonsynonymous SNV","HNRNPA2B1:NM_002137:exon2:c.A68G:p.E23G,HNRNPA2B1:NM_031243:exon3:c.A104G:p.E35G",.,.,.,.,.,.,.,.,0.001,0.784,D,0.987,0.600,D,0.914,0.634,D,0.000,0.504,D,0.998,0.449,D,1.65,0.424,L,-2.37,0.882,D,-5.26,0.841,D,0.372,0.441,0.667,0.928,D,0.785,0.927,D,0.367,0.927,D,5.837,0.799,27.2,0.999,0.983,0.969,0.714,D,c,0.714,0.684,1.000,0.747,0.628,0.401,0,4.92,0.640,7.945,0.871,1.061,0.807,1.000,0.715,1.000,0.888,12.090,0.528,Nucleotide-binding alpha-beta plait domain|RNA recognition motif domain,.,.
8,100268855,100268855,C,T,"exonic","RNF19A",.,"nonsynonymous SNV","RNF19A:NM_001353837:exon5:c.G1121A:p.G374E,RNF19A:NM_001353838:exon5:c.G1121A:p.G374E,RNF19A:NM_183419:exon5:c.G1121A:p.G374E,RNF19A:NM_001280539:exon6:c.G1121A:p.G374E,RNF19A:NM_015435:exon6:c.G1121A:p.G374E",.,.,.,.,.,.,.,.,0.004,0.654,D,1.0,0.899,D,0.999,0.916,D,0.000,0.843,D,1,0.810,D,2.765,0.810,M,-2.05,0.858,D,-6.98,0.936,D,0.976,0.979,0.667,0.928,D,0.765,0.920,D,0.267,0.898,D,6.545,0.901,31,0.998,0.917,0.993,0.935,D,c,0.862,0.829,1.000,0.747,0.707,0.730,0,5.37,0.769,7.905,0.864,0.935,0.490,1.000,0.715,0.932,0.405,18.728,0.917,.,.,.
9,27546623,27546623,A,G,"UTR3","C9orf72","NM_001256054:c.*1613T>C;NM_018325:c.*1613T>C",.,.,.,.,.,.,.,.,.,.,.,.,.,.,.,.,.,.,.,.,.,.,.,.,.,.,.,.,.,.,.,.,.,.,.,.,.,.,.,.,.,.,.,.,.,.,.,.,.,.,.,.,.,.,.,.,.,.,.,.,.,.,.,.,.,.,.,.,.,.,.,.,.,.,.,.
9,27560209,27560209,G,A,"intronic","C9orf72",.,.,.,.,.,.,.,.,.,.,.,.,.,.,.,.,.,.,.,.,.,.,.,.,.,.,.,.,.,.,.,.,.,.,.,.,.,.,.,.,.,.,.,.,.,.,.,.,.,.,.,.,.,.,.,.,.,.,.,.,.,.,.,.,.,.,.,.,.,.,.,.,.,.,.,.,.
9,27560596,27560596,T,C,"UTR3","C9orf72","NM_145005:c.*985A>G",.,.,.,.,.,.,.,.,.,.,.,.,.,.,.,.,.,.,.,.,.,.,.,.,.,.,.,.,.,.,.,.,.,.,.,.,.,.,.,.,.,.,.,.,.,.,.,.,.,.,.,.,.,.,.,.,.,.,.,.,.,.,.,.,.,.,.,.,.,.,.,.,.,.,.,.
9,27561470,27561470,-,TGT,"UTR3","C9orf72","NM_145005:c.*110_*111insACA",.,.,.,.,.,.,.,.,.,.,.,.,.,.,.,.,.,.,.,.,.,.,.,.,.,.,.,.,.,.,.,.,.,.,.,.,.,.,.,.,.,.,.,.,.,.,.,.,.,.,.,.,.,.,.,.,.,.,.,.,.,.,.,.,.,.,.,.,.,.,.,.,.,.,.,.
9,27562546,27562551,AAATAA,-,"intronic","C9orf72",.,.,.,.,.,.,.,.,.,.,.,.,.,.,.,.,.,.,.,.,.,.,.,.,.,.,.,.,.,.,.,.,.,.,.,.,.,.,.,.,.,.,.,.,.,.,.,.,.,.,.,.,.,.,.,.,.,.,.,.,.,.,.,.,.,.,.,.,.,.,.,.,.,.,.,.,.
9,32459452,32459452,T,G,"exonic","DDX58",.,"synonymous SNV","DDX58:NM_014314:exon17:c.A2400C:p.V800V",0.3460,0.2283,0.3439,0.4902,0.3360,0.3709,0.3731,0.2487,.,.,.,.,.,.,.,.,.,.,.,.,.,.,.,.,.,.,.,.,.,.,.,.,.,.,.,.,.,.,.,.,.,.,.,.,.,.,.,.,.,.,.,.,.,.,.,.,.,.,.,.,.,.,.,.,.,.,.,.,.,.,.,.,.,.
9,32466310,32466310,C,T,"exonic","DDX58",.,"nonsynonymous SNV","DDX58:NM_014314:exon16:c.G2317A:p.E773K",0.0014,0.0157,0.0005,0,0,5.994e-05,0.0011,0.0001,0.212,0.195,T,0.005,0.205,B,0.004,0.145,B,0.022,0.266,N,0.918,0.366,D,1.7,0.440,L,1.02,0.407,T,-1.06,0.277,N,0.085,0.230,-1.074,0.085,T,0.050,0.215,T,.,.,.,2.354,0.344,18.52,0.988,0.454,0.885,0.481,D,c,-0.393,-0.314,0.973,0.294,0.732,0.924,0,4.29,0.502,0.867,0.274,0.852,0.362,0.983,0.354,0.037,0.154,8.750,0.336,Helicase\x2c C-terminal;Helicase\x2c C-terminal|P-loop containing nucleoside triphosphate hydrolase,.,.
9,32472897,32472897,A,G,"intronic","DDX58",.,.,.,.,.,.,.,.,.,.,.,.,.,.,.,.,.,.,.,.,.,.,.,.,.,.,.,.,.,.,.,.,.,.,.,.,.,.,.,.,.,.,.,.,.,.,.,.,.,.,.,.,.,.,.,.,.,.,.,.,.,.,.,.,.,.,.,.,.,.,.,.,.,.,.,.,.
9,32481514,32481518,AAAAA,-,"intronic","DDX58",.,.,.,.,.,.,.,.,.,.,.,.,.,.,.,.,.,.,.,.,.,.,.,.,.,.,.,.,.,.,.,.,.,.,.,.,.,.,.,.,.,.,.,.,.,.,.,.,.,.,.,.,.,.,.,.,.,.,.,.,.,.,.,.,.,.,.,.,.,.,.,.,.,.,.,.,.
9,32481511,32481518,AAAAAAAA,-,"intronic","DDX58",.,.,.,.,.,.,.,.,.,.,.,.,.,.,.,.,.,.,.,.,.,.,.,.,.,.,.,.,.,.,.,.,.,.,.,.,.,.,.,.,.,.,.,.,.,.,.,.,.,.,.,.,.,.,.,.,.,.,.,.,.,.,.,.,.,.,.,.,.,.,.,.,.,.,.,.,.
9,32488239,32488239,G,C,"intronic","DDX58",.,.,.,0.3774,0.2258,0.3115,0.1730,0.3208,0.4210,0.3390,0.4827,.,.,.,.,.,.,.,.,.,.,.,.,.,.,.,.,.,.,.,.,.,.,.,.,.,.,.,.,.,.,.,.,.,.,.,.,.,.,.,.,.,.,.,.,.,.,.,.,.,.,.,.,.,.,.,.,.,.,.,.,.,.,.,.,.,.
9,32488683,32488683,T,C,"intronic","DDX58",.,.,.,0.0680,0.0110,0.1897,0.0002,0.0864,0.0712,0.0584,0.0309,.,.,.,.,.,.,.,.,.,.,.,.,.,.,.,.,.,.,.,.,.,.,.,.,.,.,.,.,.,.,.,.,.,.,.,.,.,.,.,.,.,.,.,.,.,.,.,.,.,.,.,.,.,.,.,.,.,.,.,.,.,.,.,.,.,.
9,32526148,32526148,G,A,"exonic","DDX58",.,"nonsynonymous SNV","DDX58:NM_014314:exon1:c.C19T:p.R7C",0.2228,0.2433,0.1335,0.0993,0.2465,0.2651,0.2189,0.1570,0.068,0.357,T,0.997,0.715,D,0.736,0.537,P,0.560,0.054,N,1,0.201,P,2.3,0.659,M,3.31,0.063,T,-2.37,0.522,N,0.126,0.172,-0.978,0.356,T,0.000,0.000,T,.,.,.,4.022,0.540,23.6,0.994,0.626,0.982,0.801,D,c,-0.623,-0.880,1.000,0.747,0.442,0.072,0,-2.08,0.068,-0.258,0.087,0.056,0.163,0.000,0.063,0.004,0.083,8.097,0.298,Caspase recruitment domain|Death-like domain,ENSG00000241043.1|ENSG00000241043.1|ENSG00000241043.1|ENSG00000241043.1|ENSG00000241043.1,Artery_Aorta|Artery_Tibial|Cells_Transformed_fibroblasts|Lung|Thyroid
9,32526171,32526171,G,A,"UTR5","DDX58","NM_014314:c.-5C>T",.,.,0.0011,0.0001,0.0016,0,0.0017,0.0015,0,0,.,.,.,.,.,.,.,.,.,.,.,.,.,.,.,.,.,.,.,.,.,.,.,.,.,.,.,.,.,.,.,.,.,.,.,.,.,.,.,.,.,.,.,.,.,.,.,.,.,.,.,.,.,.,.,.,.,.,.,.,.,.,.,.,.,.
9,32526235,32526235,G,C,"upstream","DDX58","dist=39",.,.,.,.,.,.,.,.,.,.,.,.,.,.,.,.,.,.,.,.,.,.,.,.,.,.,.,.,.,.,.,.,.,.,.,.,.,.,.,.,.,.,.,.,.,.,.,.,.,.,.,.,.,.,.,.,.,.,.,.,.,.,.,.,.,.,.,.,.,.,.,.,.,.,.,.
9,35062351,35062351,C,T,"splicing","VCP","NM_007126:exon8:c.812-1G>A;NM_001354928:exon8:c.677-1G>A;NM_001354927:exon8:c.677-1G>A",.,.,.,.,.,.,.,.,.,.,.,.,.,.,.,.,.,.,.,.,.,.,1,0.810,D,.,.,.,.,.,.,.,.,.,.,.,.,.,.,.,.,.,.,.,.,5.527,0.751,26.3,0.995,0.656,0.976,0.759,D,c,1.239,1.110,1.000,0.747,0.284,0.042,0,5.93,0.959,7.905,0.864,0.935,0.490,1.000,0.715,0.988,0.529,20.354,0.988,.,.,.
9,92026707,92026707,C,T,"intergenic","ROR2;SPTLC1","dist=76479;dist=4440",.,.,.,.,.,.,.,.,.,.,.,.,.,.,.,.,.,.,.,.,.,.,.,.,.,.,.,.,.,.,.,.,.,.,.,.,.,.,.,.,.,.,.,.,.,.,.,.,.,.,.,.,.,.,.,.,.,.,.,.,.,.,.,.,.,.,.,.,.,.,.,.,.,.,.,.
9,132261977,132261977,T,C,"UTR3","SETX","NM_015046:c.*2262A>G;NM_001351528:c.*2262A>G;NM_001351527:c.*2262A>G",.,.,.,.,.,.,.,.,.,.,.,.,.,.,.,.,.,.,.,.,.,.,.,.,.,.,.,.,.,.,.,.,.,.,.,.,.,.,.,.,.,.,.,.,.,.,.,.,.,.,.,.,.,.,.,.,.,.,.,.,.,.,.,.,.,.,.,.,.,.,.,.,.,.,.,.
9,132264039,132264039,A,C,"UTR3","SETX","NM_015046:c.*200T>G;NM_001351528:c.*200T>G;NM_001351527:c.*200T>G",.,.,.,.,.,.,.,.,.,.,.,.,.,.,.,.,.,.,.,.,.,.,.,.,.,.,.,.,.,.,.,.,.,.,.,.,.,.,.,.,.,.,.,.,.,.,.,.,.,.,.,.,.,.,.,.,.,.,.,.,.,.,.,.,.,.,.,.,.,.,.,.,.,.,.,.
9,132264514,132264514,T,C,"exonic","SETX",.,"nonsynonymous SNV","SETX:NM_001351527:exon26:c.A7759G:p.I2587V,SETX:NM_015046:exon26:c.A7759G:p.I2587V,SETX:NM_001351528:exon27:c.A7846G:p.I2616V",0.3926,0.7531,0.3110,0.7330,0.3038,0.3032,0.3786,0.4422,1.0,0.010,T,0.0,0.026,B,0.0,0.013,B,0.100,0.025,N,1,0.090,P,-0.55,0.024,N,-2.55,0.896,D,0.22,0.049,N,0.008,0.000,-0.902,0.478,T,0.000,0.000,T,.,.,.,-2.494,0.003,0.001,0.200,0.007,0.020,0.059,N,c,-1.818,-1.806,0.999,0.382,0.707,0.730,0,-3.8,0.040,-1.187,0.032,-0.392,0.064,0.000,0.063,0.000,0.016,0.083,0.000,.,ENSG00000107290.9|ENSG00000107290.9|ENSG00000107290.9,Artery_Tibial|Colon_Transverse|Esophagus_Muscularis
9,132271650,132271650,G,A,"intronic","SETX",.,.,.,.,.,.,.,.,.,.,.,.,.,.,.,.,.,.,.,.,.,.,.,.,.,.,.,.,.,.,.,.,.,.,.,.,.,.,.,.,.,.,.,.,.,.,.,.,.,.,.,.,.,.,.,.,.,.,.,.,.,.,.,.,.,.,.,.,.,.,.,.,.,.,.,.,.
9,132281576,132281576,T,C,"splicing","SETX","NM_015046:exon20:c.6547-2A>G;NM_001351528:exon20:c.6547-2A>G;NM_001351527:exon20:c.6547-2A>G",.,.,.,.,.,.,.,.,.,.,.,.,.,.,.,.,.,.,.,.,.,.,1,0.810,D,.,.,.,.,.,.,.,.,.,.,.,.,.,.,.,.,.,.,.,.,4.909,0.660,25.0,0.995,0.661,0.968,0.709,D,c,1.080,0.928,1.000,0.517,0.257,0.036,0,5.56,0.836,6.123,0.711,1.061,0.807,1.000,0.715,0.924,0.398,14.907,0.702,.,.,.
9,132297025,132297025,A,G,"exonic","SETX",.,"synonymous SNV","SETX:NM_001351527:exon14:c.T5811C:p.D1937D,SETX:NM_001351528:exon14:c.T5811C:p.D1937D,SETX:NM_015046:exon14:c.T5811C:p.D1937D",0.2880,0.6239,0.2191,0.7005,0.1714,0.1789,0.25,0.3719,.,.,.,.,.,.,.,.,.,.,.,.,.,.,.,.,.,.,.,.,.,.,.,.,.,.,.,.,.,.,.,.,.,.,.,.,.,.,.,.,.,.,.,.,.,.,.,.,.,.,.,.,.,.,.,.,.,.,.,.,.,.,.,.,.,.
9,132298298,132298298,T,C,"exonic","SETX",.,"nonsynonymous SNV","SETX:NM_001351527:exon13:c.A5563G:p.T1855A,SETX:NM_001351528:exon13:c.A5563G:p.T1855A,SETX:NM_015046:exon13:c.A5563G:p.T1855A",0.2758,0.6203,0.2067,0.7029,0.1677,0.1678,0.2439,0.3649,0.83,0.029,T,0.0,0.026,B,0.0,0.013,B,0.596,0.056,N,1,0.090,P,-0.345,0.033,N,-2.61,0.900,D,0.0,0.070,N,0.023,0.013,-1.017,0.246,T,0.000,0.000,T,.,.,.,-1.795,0.011,0.002,0.297,0.016,0.015,0.048,N,c,-2.150,-2.163,1.000,0.480,0.707,0.730,0,-8.41,0.008,-0.716,0.051,-2.015,0.005,0.000,0.063,0.761,0.325,9.753,0.395,.,ENSG00000107290.9,Thyroid
9,132298371,132298371,G,T,"intronic","SETX",.,.,.,.,.,.,.,.,.,.,.,.,.,.,.,.,.,.,.,.,.,.,.,.,.,.,.,.,.,.,.,.,.,.,.,.,.,.,.,.,.,.,.,.,.,.,.,.,.,.,.,.,.,.,.,.,.,.,.,.,.,.,.,.,.,.,.,.,.,.,.,.,.,.,.,.,.
9,132300915,132300915,A,T,"intronic","SETX",.,.,.,.,.,.,.,.,.,.,.,.,.,.,.,.,.,.,.,.,.,.,.,.,.,.,.,.,.,.,.,.,.,.,.,.,.,.,.,.,.,.,.,.,.,.,.,.,.,.,.,.,.,.,.,.,.,.,.,.,.,.,.,.,.,.,.,.,.,.,.,.,.,.,.,.,.
9,132311741,132311741,G,A,"intronic","SETX",.,.,.,0.2789,0.4020,0.2139,0.7039,0.1789,0.1914,0.2488,0.3791,.,.,.,.,.,.,.,.,.,.,.,.,.,.,.,.,.,.,.,.,.,.,.,.,.,.,.,.,.,.,.,.,.,.,.,.,.,.,.,.,.,.,.,.,.,.,.,.,.,.,.,.,.,.,.,.,.,.,.,.,.,.,.,.,.,.
9,132311881,132311881,A,G,"intronic","SETX",.,.,.,.,.,.,.,.,.,.,.,.,.,.,.,.,.,.,.,.,.,.,.,.,.,.,.,.,.,.,.,.,.,.,.,.,.,.,.,.,.,.,.,.,.,.,.,.,.,.,.,.,.,.,.,.,.,.,.,.,.,.,.,.,.,.,.,.,.,.,.,.,.,.,.,.,.
9,132327533,132327533,T,C,"exonic","SETX",.,"synonymous SNV","SETX:NM_001351527:exon10:c.A4065G:p.R1355R,SETX:NM_001351528:exon10:c.A4065G:p.R1355R,SETX:NM_015046:exon10:c.A4065G:p.R1355R",.,.,.,.,.,.,.,.,.,.,.,.,.,.,.,.,.,.,.,.,.,.,.,.,.,.,.,.,.,.,.,.,.,.,.,.,.,.,.,.,.,.,.,.,.,.,.,.,.,.,.,.,.,.,.,.,.,.,.,.,.,.,.,.,.,.,.,.,.,.,.,.,.,.
9,132328022,132328022,A,C,"exonic","SETX",.,"nonsynonymous SNV","SETX:NM_001351527:exon10:c.T3576G:p.D1192E,SETX:NM_001351528:exon10:c.T3576G:p.D1192E,SETX:NM_015046:exon10:c.T3576G:p.D1192E",0.7635,0.6476,0.8104,0.3062,0.8615,0.8500,0.7815,0.6532,0.377,0.113,T,0.004,0.112,B,0.006,0.112,B,0.000,0.002,N,1,0.090,P,0.895,0.225,L,-2.09,0.861,D,-0.64,0.187,N,0.006,0.000,-0.914,0.463,T,0.000,0.000,T,.,.,.,-1.537,0.016,0.002,0.744,0.103,0.094,0.150,N,c,-1.793,-1.893,1.000,0.747,0.707,0.730,0,-9.5,0.005,-1.154,0.033,-0.694,0.038,0.000,0.063,0.000,0.016,16.379,0.832,.,ENSG00000107290.9,Thyroid
9,132328451,132328451,G,A,"exonic","SETX",.,"synonymous SNV","SETX:NM_001351527:exon10:c.C3147T:p.H1049H,SETX:NM_001351528:exon10:c.C3147T:p.H1049H,SETX:NM_015046:exon10:c.C3147T:p.H1049H",0.1072,0.0401,0.0903,0.2371,0.0783,0.0835,0.1167,0.2004,.,.,.,.,.,.,.,.,.,.,.,.,.,.,.,.,.,.,.,.,.,.,.,.,.,.,.,.,.,.,.,.,.,.,.,.,.,.,.,.,.,.,.,.,.,.,.,.,.,.,.,.,.,.,.,.,.,.,.,.,.,.,.,.,.,.
9,132329129,132329129,G,C,"exonic","SETX",.,"nonsynonymous SNV","SETX:NM_001351527:exon10:c.C2469G:p.F823L,SETX:NM_001351528:exon10:c.C2469G:p.F823L,SETX:NM_015046:exon10:c.C2469G:p.F823L",0.0002,0,0,0.0035,0,0,0,0,0.897,0.024,T,0.004,0.112,B,0.003,0.080,B,0.023,0.016,N,1,0.090,N,1.3,0.327,L,-1.96,0.851,D,-0.53,0.164,N,0.147,0.174,-0.780,0.563,T,0.210,0.570,T,.,.,.,-0.013,0.092,2.465,0.294,0.016,0.106,0.159,N,c,-1.015,-0.977,1.000,0.473,0.707,0.730,0,2.06,0.258,-0.472,0.066,1.048,0.713,0.000,0.063,0.360,0.248,5.865,0.179,.,.,.
9,132331073,132331073,A,G,"exonic","SETX",.,"synonymous SNV","SETX:NM_001351527:exon9:c.T1077C:p.Y359Y,SETX:NM_001351528:exon9:c.T1077C:p.Y359Y,SETX:NM_015046:exon9:c.T1077C:p.Y359Y",0.7477,0.6230,0.8048,0.3022,0.8324,0.8340,0.7643,0.6354,.,.,.,.,.,.,.,.,.,.,.,.,.,.,.,.,.,.,.,.,.,.,.,.,.,.,.,.,.,.,.,.,.,.,.,.,.,.,.,.,.,.,.,.,.,.,.,.,.,.,.,.,.,.,.,.,.,.,.,.,.,.,.,.,.,.
9,132346210,132346210,G,A,"intronic","SETX",.,.,.,0.9990,0.9881,0.9996,1,1,1.0000,1,1,.,.,.,.,.,.,.,.,.,.,.,.,.,.,.,.,.,.,.,.,.,.,.,.,.,.,.,.,.,.,.,.,.,.,.,.,.,.,.,.,.,.,.,.,.,.,.,.,.,.,.,.,.,.,.,.,.,.,.,.,.,.,.,.,.,.
