1,105890909,105890909,A,T,"intergenic","LINC01676;LINC01677","dist=271974;dist=36715",.,.
1,105891903,105891903,G,T,"intergenic","LINC01676;LINC01677","dist=272968;dist=35721",.,.
1,116740892,116740892,T,C,"intergenic","LINC02868;CD2","dist=34289;dist=13538",.,.
1,116741141,116741141,T,C,"intergenic","LINC02868;CD2","dist=34538;dist=13289",.,.
1,166276016,166276016,C,A,"intergenic","FAM78B;LINC01675","dist=109015;dist=199756",.,.
1,166276034,166276034,T,A,"intergenic","FAM78B;LINC01675","dist=109033;dist=199738",.,.
1,166276163,166276163,T,C,"intergenic","FAM78B;LINC01675","dist=109162;dist=199609",.,.
1,171670465,171670465,G,A,"intergenic","MYOC;VAMP4","dist=17777;dist=29698",.,.
11,63046952,63046952,C,T,"intergenic","SLC22A8;SLC22A24","dist=31107;dist=32988",.,.
11,63047952,63047952,C,T,"intergenic","SLC22A8;SLC22A24","dist=32107;dist=31988",.,.
12,54283271,54283271,C,T,"intronic","HNRNPA1",.,.,.
12,64467061,64467061,G,A,"exonic","TBK1",.,"synonymous SNV","TBK1:NM_013254:exon5:c.G519A:p.L173L"
12,64485528,64485532,TAATT,-,"intronic","TBK1",.,.,.
12,64495528,64495528,G,A,"exonic","TBK1",.,"nonsynonymous SNV","TBK1:NM_013254:exon14:c.G1567A:p.D523N"
12,64502054,64502055,AT,-,"UTR3","TBK1","NM_013254:c.*673_*674delAT",.,.
12,108894208,108894208,A,G,"intronic","DAO",.,.,.
12,108899544,108899544,A,G,"intronic","DAO",.,.,.
12,111456268,111456268,C,T,"intronic","ATXN2",.,.,.
12,111457323,111457323,G,A,"exonic","ATXN2",.,"nonsynonymous SNV","ATXN2:NM_001310123:exon19:c.C2486T:p.P829L,ATXN2:NM_001310121:exon22:c.C2612T:p.P871L,ATXN2:NM_001372574:exon22:c.C2933T:p.P978L,ATXN2:NM_002973:exon22:c.C2927T:p.P976L"
13,19177116,19177116,A,T,"exonic","TUBA3C",.,"synonymous SNV","TUBA3C:NM_006001:exon4:c.T867A:p.A289A"
13,19177194,19177194,G,A,"exonic","TUBA3C",.,"synonymous SNV","TUBA3C:NM_006001:exon4:c.C789T:p.P263P"
14,21498989,21498989,C,A,"UTR3","TOX4","NM_014828:c.*2383C>A;NM_001303523:c.*2383C>A",.,.
14,21499294,21499294,G,A,"intronic","METTL3",.,.,.
14,21500477,21500477,G,A,"intronic","METTL3",.,.,.
14,21503586,21503586,C,G,"intronic","METTL3",.,.,.
14,30630532,30630532,A,G,"exonic","SCFD1",.,"nonsynonymous SNV","SCFD1:NM_016106:exon3:c.A188G:p.K63R"
14,30639771,30639771,T,C,"intronic","SCFD1",.,.,.
14,30670191,30670191,C,A,"intronic","SCFD1",.,.,.
14,30707979,30707979,C,T,"intronic","SCFD1",.,.,.
14,30719403,30719403,T,C,"intronic","SCFD1",.,.,.
14,30722566,30722566,T,C,"intronic","SCFD1",.,.,.
14,35881419,35881419,T,A,"intergenic","BRMS1L;LINC00609","dist=9456;dist=189008",.,.
14,35881430,35881430,T,C,"intergenic","BRMS1L;LINC00609","dist=9467;dist=188997",.,.
15,43746701,43746701,C,T,"exonic","PDIA3",.,"synonymous SNV","PDIA3:NM_005313:exon1:c.C162T:p.A54A"
15,43761419,43761419,C,T,"intronic","PDIA3",.,.,.
15,43766010,43766010,C,T,"exonic","PDIA3",.,"synonymous SNV","PDIA3:NM_005313:exon7:c.C843T:p.N281N"
15,44622665,44622665,C,A,"intronic","SPG11",.,.,.
15,44651559,44651559,A,G,"exonic","SPG11",.,"nonsynonymous SNV","SPG11:NM_001160227:exon6:c.T1388C:p.F463S,SPG11:NM_025137:exon6:c.T1388C:p.F463S"
15,44663340,44663340,G,T,"intronic","SPG11",.,.,.
16,2433076,2433076,G,C,"intronic","CCNF",.,.,.
16,2443680,2443680,A,G,"exonic","CCNF",.,"nonsynonymous SNV","CCNF:NM_001761:exon9:c.A809G:p.N270S"
16,2443838,2443838,G,A,"intronic","CCNF",.,.,.
16,2445648,2445648,G,A,"intronic","CCNF",.,.,.
16,2457371,2457371,G,T,"UTR3","CCNF","NM_001761:c.*351G>T;NM_001323538:c.*351G>T",.,.
16,31192208,31192208,G,C,"UTR3","FUS","NM_001170634:c.*770G>C;NM_001170937:c.*770G>C",.,.
16,51107928,51107928,C,G,"ncRNA_intronic","MIR548AI",.,.,.
16,51108064,51108064,A,G,"ncRNA_intronic","MIR548AI",.,.,.
16,86530288,86530288,C,T,"UTR3","MTHFSD","NM_001159378:c.*1723G>A;NM_001159379:c.*1723G>A;NM_001159380:c.*1723G>A;NM_001159377:c.*1723G>A;NM_022764:c.*1723G>A",.,.
16,86530758,86530758,A,G,"UTR3","MTHFSD","NM_001159378:c.*1253T>C;NM_001159379:c.*1253T>C;NM_001159380:c.*1253T>C;NM_001159377:c.*1253T>C;NM_022764:c.*1253T>C",.,.
16,86531931,86531931,C,G,"UTR3","MTHFSD","NM_001159378:c.*80G>C;NM_001159379:c.*80G>C;NM_001159380:c.*80G>C;NM_001159377:c.*80G>C;NM_022764:c.*80G>C",.,.
16,86532433,86532433,C,T,"exonic","MTHFSD",.,"nonsynonymous SNV","MTHFSD:NM_001159377:exon8:c.G730A:p.A244T,MTHFSD:NM_001159378:exon8:c.G730A:p.A244T,MTHFSD:NM_001159379:exon8:c.G727A:p.A243T,MTHFSD:NM_001159380:exon8:c.G670A:p.A224T,MTHFSD:NM_022764:exon8:c.G727A:p.A243T"
16,86532436,86532436,G,A,"exonic","MTHFSD",.,"nonsynonymous SNV","MTHFSD:NM_001159377:exon8:c.C727T:p.R243C,MTHFSD:NM_001159378:exon8:c.C727T:p.R243C,MTHFSD:NM_001159379:exon8:c.C724T:p.R242C,MTHFSD:NM_001159380:exon8:c.C667T:p.R223C,MTHFSD:NM_022764:exon8:c.C724T:p.R242C"
16,86541854,86541854,C,G,"intronic","MTHFSD",.,.,.
16,86542131,86542131,C,T,"exonic","MTHFSD",.,"synonymous SNV","MTHFSD:NM_001159377:exon6:c.G525A:p.T175T,MTHFSD:NM_001159378:exon6:c.G525A:p.T175T,MTHFSD:NM_001159379:exon6:c.G522A:p.T174T,MTHFSD:NM_001159380:exon6:c.G465A:p.T155T,MTHFSD:NM_022764:exon6:c.G522A:p.T174T"
16,86552299,86552299,C,A,"intronic","MTHFSD",.,.,.
16,86552318,86552318,C,T,"intronic","MTHFSD",.,.,.
17,18315490,18315490,T,C,"UTR5","SMCR8","NM_144775:c.-300T>C",.,.
17,18315586,18315586,T,A,"UTR5","SMCR8","NM_144775:c.-204T>A",.,.
17,18316521,18316521,T,C,"exonic","SMCR8",.,"synonymous SNV","SMCR8:NM_144775:exon1:c.T732C:p.I244I"
17,18317456,18317456,G,A,"exonic","SMCR8",.,"nonsynonymous SNV","SMCR8:NM_144775:exon1:c.G1667A:p.R556H"
17,18317820,18317820,C,T,"exonic","SMCR8",.,"synonymous SNV","SMCR8:NM_144775:exon1:c.C2031T:p.Y677Y"
17,18322863,18322863,G,T,"exonic","SMCR8",.,"synonymous SNV","SMCR8:NM_144775:exon2:c.G2607T:p.L869L"
17,18323385,18323385,G,A,"UTR3","SMCR8","NM_144775:c.*315G>A",.,.
17,18323767,18323767,C,T,"UTR3","SMCR8","NM_144775:c.*697C>T",.,.
17,18323787,18323787,G,A,"UTR3","SMCR8","NM_144775:c.*717G>A",.,.
17,18323958,18323958,T,C,"UTR3","SMCR8","NM_144775:c.*888T>C",.,.
17,18325291,18325291,C,A,"UTR3","SMCR8","NM_144775:c.*2221C>A",.,.
17,18326706,18326706,G,T,"UTR3","SMCR8","NM_144775:c.*3636G>T",.,.
17,35820472,35820472,G,A,"intronic","TAF15",.,.,.
17,41722638,41722638,G,A,"intronic","HAP1",.,.,.
17,41723225,41723225,A,G,"UTR3","HAP1","NM_001079871:c.*1476T>C;NM_001079870:c.*1476T>C;NM_177977:c.*1476T>C",.,.
17,41724293,41724293,C,T,"UTR3","HAP1","NM_001079871:c.*408G>A;NM_001079870:c.*408G>A;NM_177977:c.*408G>A",.,.
17,41724321,41724321,G,A,"UTR3","HAP1","NM_001079871:c.*380C>T;NM_001079870:c.*380C>T;NM_177977:c.*380C>T",.,.
17,41725037,41725037,G,C,"exonic","HAP1",.,"nonsynonymous SNV","HAP1:NM_001079870:exon10:c.C1473G:p.F491L,HAP1:NM_001079871:exon10:c.C1449G:p.F483L,HAP1:NM_001367461:exon10:c.C1449G:p.F483L,HAP1:NM_001367459:exon11:c.C1620G:p.F540L,HAP1:NM_001367460:exon11:c.C1584G:p.F528L,HAP1:NM_177977:exon11:c.C1524G:p.F508L"
17,41732203,41732203,G,C,"intronic","HAP1",.,.,.
2,32064040,32064040,A,G,"exonic","SPAST",.,"nonsynonymous SNV","SPAST:NM_001363823:exon1:c.A209G:p.H70R,SPAST:NM_001363875:exon1:c.A209G:p.H70R,SPAST:NM_001377959:exon1:c.A209G:p.H70R,SPAST:NM_014946:exon1:c.A209G:p.H70R,SPAST:NM_199436:exon1:c.A209G:p.H70R"
2,32115869,32115869,G,A,"intronic","SPAST",.,.,.
2,70210095,70210095,T,C,"UTR3","TIA1","NM_001351512:c.*2624A>G;NM_001351509:c.*2624A>G;NM_001351510:c.*2624A>G;NM_001351514:c.*2624A>G;NM_001351525:c.*2624A>G;NM_001351524:c.*2624A>G;NM_022037:c.*2624A>G;NM_001351513:c.*2624A>G;NM_001351511:c.*2624A>G;NM_001351508:c.*2624A>G;NM_001351517:c.*2624A>G;NM_001351515:c.*2624A>G;NM_022173:c.*2624A>G",.,.
2,70212325,70212327,TTT,-,"UTR3","TIA1","NM_001351512:c.*394_*392delAAA;NM_001351509:c.*394_*392delAAA;NM_001351510:c.*394_*392delAAA;NM_001351514:c.*394_*392delAAA;NM_001351525:c.*394_*392delAAA;NM_001351524:c.*394_*392delAAA;NM_022037:c.*394_*392delAAA;NM_001351513:c.*394_*392delAAA;NM_001351511:c.*394_*392delAAA;NM_001351508:c.*394_*392delAAA;NM_001351517:c.*394_*392delAAA;NM_001351515:c.*394_*392delAAA;NM_022173:c.*394_*392delAAA",.,.
2,70212794,70212794,C,T,"exonic","TIA1",.,"synonymous SNV","TIA1:NM_001351514:exon11:c.G858A:p.P286P,TIA1:NM_001351509:exon12:c.G1059A:p.P353P,TIA1:NM_001351510:exon12:c.G1050A:p.P350P,TIA1:NM_001351512:exon12:c.G948A:p.P316P,TIA1:NM_001351513:exon12:c.G942A:p.P314P,TIA1:NM_022037:exon12:c.G1053A:p.P351P,TIA1:NM_001351508:exon13:c.G1083A:p.P361P,TIA1:NM_001351511:exon13:c.G975A:p.P325P,TIA1:NM_001351515:exon13:c.G783A:p.P261P,TIA1:NM_001351524:exon13:c.G666A:p.P222P,TIA1:NM_001351525:exon13:c.G666A:p.P222P,TIA1:NM_022173:exon13:c.G1086A:p.P362P,TIA1:NM_001351517:exon15:c.G663A:p.P221P"
2,70227780,70227780,G,A,"exonic","TIA1",.,"stopgain","TIA1:NM_001351520:exon7:c.C478T:p.Q160X"
2,74370605,74370605,G,T,"intronic","DCTN1",.,.,.
2,135511732,135511732,C,G,"intronic","ZRANB3",.,.,.
2,135511741,135511741,C,T,"intronic","ZRANB3",.,.,.
2,178112893,178112893,C,G,"intronic","RBM45",.,.,.
2,178121437,178121444,CACACACA,-,"intronic","RBM45",.,.,.
2,178129487,178129489,TTT,-,"UTR3","RBM45","NM_001365579:c.*99_*101delTTT;NM_001365578:c.*137_*139delTTT;NM_152945:c.*99_*101delTTT",.,.
2,201700958,201700958,G,A,"UTR3","ALS2","NM_020919:c.*893C>T",.,.
2,201710102,201710102,C,T,"intronic","ALS2",.,.,.
2,201711098,201711098,G,A,"exonic","ALS2",.,"synonymous SNV","ALS2:NM_020919:exon26:c.C4015T:p.L1339L"
2,201715605,201715605,T,G,"intronic","ALS2",.,.,.
2,201715647,201715647,G,A,"intronic","ALS2",.,.,.
2,201733390,201733390,C,T,"exonic","ALS2",.,"synonymous SNV","ALS2:NM_020919:exon13:c.G2466A:p.V822V"
2,201741916,201741916,G,A,"intronic","ALS2",.,.,.
2,201754450,201754450,G,A,"intronic","ALS2",.,.,.
2,201760892,201760892,C,T,"exonic","ALS2",.,"nonsynonymous SNV","ALS2:NM_001135745:exon4:c.G1102A:p.V368M,ALS2:NM_020919:exon4:c.G1102A:p.V368M"
2,201761519,201761519,C,T,"exonic","ALS2",.,"nonsynonymous SNV","ALS2:NM_001135745:exon4:c.G475A:p.E159K,ALS2:NM_020919:exon4:c.G475A:p.E159K"
2,211422047,211422047,G,C,"exonic","ERBB4",.,"stopgain","ERBB4:NM_001042599:exon24:c.C2924G:p.S975X,ERBB4:NM_005235:exon24:c.C2924G:p.S975X"
2,211422048,211422048,A,G,"exonic","ERBB4",.,"nonsynonymous SNV","ERBB4:NM_001042599:exon24:c.T2923C:p.S975P,ERBB4:NM_005235:exon24:c.T2923C:p.S975P"
2,211561863,211561863,C,T,"intronic","ERBB4",.,.,.
2,211679199,211679199,A,G,"intronic","ERBB4",.,.,.
2,211705258,211705258,G,A,"intronic","ERBB4",.,.,.
2,211705269,211705269,A,T,"intronic","ERBB4",.,.,.
2,211725261,211725261,T,C,"intronic","ERBB4",.,.,.
2,211947453,211947453,T,C,"exonic","ERBB4",.,"nonsynonymous SNV","ERBB4:NM_001042599:exon3:c.A398G:p.E133G,ERBB4:NM_005235:exon3:c.A398G:p.E133G"
2,219253809,219253809,G,C,"intronic","TUBA4A;TUBA4B",.,.,.
20,6201121,6201121,A,G,"intergenic","FERMT1;CASC20","dist=78091;dist=225611",.,.
20,6201125,6201125,A,G,"intergenic","FERMT1;CASC20","dist=78095;dist=225607",.,.
20,41997834,41997834,C,T,"intergenic","CHD6;PTPRT","dist=379457;dist=74922",.,.
20,41997856,41997856,T,C,"intergenic","CHD6;PTPRT","dist=379479;dist=74900",.,.
20,63964637,63964637,T,C,"exonic","ZNF512B",.,"nonsynonymous SNV","ZNF512B:NM_020713:exon6:c.A1114G:p.M372V"
22,18126635,18126635,T,C,"exonic","TUBA8",.,"synonymous SNV","TUBA8:NM_001193414:exon4:c.T459C:p.I153I,TUBA8:NM_018943:exon4:c.T657C:p.I219I"
22,18126644,18126644,T,A,"exonic","TUBA8",.,"synonymous SNV","TUBA8:NM_001193414:exon4:c.T468A:p.P156P,TUBA8:NM_018943:exon4:c.T666A:p.P222P"
22,18126650,18126650,T,C,"exonic","TUBA8",.,"synonymous SNV","TUBA8:NM_001193414:exon4:c.T474C:p.Y158Y,TUBA8:NM_018943:exon4:c.T672C:p.Y224Y"
22,18126767,18126767,C,T,"exonic","TUBA8",.,"synonymous SNV","TUBA8:NM_001193414:exon4:c.C591T:p.P197P,TUBA8:NM_018943:exon4:c.C789T:p.P263P"
22,18126782,18126782,G,C,"exonic","TUBA8",.,"synonymous SNV","TUBA8:NM_001193414:exon4:c.G606C:p.P202P,TUBA8:NM_018943:exon4:c.G804C:p.P268P"
22,29296369,29296369,G,A,"splicing","EWSR1","NM_013986:exon13:c.1309+1G>A;NM_005243:exon12:c.1294+1G>A;NM_001163285:exon12:c.1291+1G>A;NM_001163286:exon11:c.1126+1G>A",.,.
22,29480614,29480614,C,T,"exonic","NEFH",.,"synonymous SNV","NEFH:NM_021076:exon1:c.C352T:p.L118L"
22,29485895,29485895,G,A,"intronic","NEFH",.,.,.
22,29489613,29489618,AAGAGG,-,"exonic","NEFH",.,"nonframeshift deletion","NEFH:NM_021076:exon4:c.1973_1978del:p.E658_E659del"
22,29490424,29490424,A,G,"exonic","NEFH",.,"synonymous SNV","NEFH:NM_021076:exon4:c.A2784G:p.V928V"
3,39502108,39502108,C,T,"exonic","MOBP",.,"synonymous SNV","MOBP:NM_001278323:exon2:c.C39T:p.S13S,MOBP:NM_001278322:exon3:c.C39T:p.S13S,MOBP:NM_182935:exon3:c.C39T:p.S13S"
3,39502830,39502830,C,A,"exonic","MOBP",.,"nonsynonymous SNV","MOBP:NM_001278323:exon3:c.C502A:p.P168T,MOBP:NM_001278322:exon4:c.C574A:p.P192T"
3,39513455,39513455,C,T,"UTR3","MOBP","NM_001278322:c.*72C>T;NM_182935:c.*33C>T",.,.
3,39514006,39514006,T,G,"UTR3","MOBP","NM_001278322:c.*623T>G;NM_182935:c.*584T>G",.,.
3,39514089,39514089,A,G,"UTR3","MOBP","NM_001278322:c.*706A>G;NM_182935:c.*667A>G",.,.
3,39514664,39514664,G,A,"UTR3","MOBP","NM_001278322:c.*1281G>A;NM_182935:c.*1242G>A",.,.
3,39514702,39514702,A,G,"UTR3","MOBP","NM_001278322:c.*1319A>G;NM_182935:c.*1280A>G",.,.
3,39514718,39514718,G,A,"UTR3","MOBP","NM_001278322:c.*1335G>A;NM_182935:c.*1296G>A",.,.
3,39515070,39515070,A,G,"UTR3","MOBP","NM_001278322:c.*1687A>G;NM_182935:c.*1648A>G",.,.
3,39515347,39515347,C,T,"UTR3","MOBP","NM_001278322:c.*1964C>T;NM_182935:c.*1925C>T",.,.
3,39515747,39515747,C,T,"UTR3","MOBP","NM_001278322:c.*2364C>T;NM_182935:c.*2325C>T",.,.
3,39525267,39525267,G,A,"intergenic","MOBP;MYRIP","dist=9264;dist=283647",.,.
3,39525562,39525562,C,T,"intergenic","MOBP;MYRIP","dist=9559;dist=283352",.,.
3,39525596,39525596,G,C,"intergenic","MOBP;MYRIP","dist=9593;dist=283318",.,.
3,39528222,39528222,C,T,"intergenic","MOBP;MYRIP","dist=12219;dist=280692",.,.
3,39528519,39528519,C,T,"intergenic","MOBP;MYRIP","dist=12516;dist=280395",.,.
3,87245899,87245899,T,C,"exonic","CHMP2B",.,"synonymous SNV","CHMP2B:NM_001244644:exon2:c.T189C:p.T63T,CHMP2B:NM_014043:exon3:c.T312C:p.T104T"
3,100709351,100709351,G,C,"UTR5","TFG","NM_001007565:c.-4335G>C;NM_001195479:c.-4335G>C",.,.
3,100709361,100709361,A,G,"UTR5","TFG","NM_001007565:c.-4325A>G;NM_001195479:c.-4325A>G",.,.
3,100709616,100709616,G,C,"UTR5","TFG","NM_001195479:c.-4070G>C;NM_006070:c.-4070G>C",.,.
3,100732644,100732644,G,A,"exonic","TFG",.,"synonymous SNV","TFG:NM_001007565:exon5:c.G552A:p.A184A,TFG:NM_001195478:exon5:c.G552A:p.A184A,TFG:NM_001195479:exon5:c.G552A:p.A184A,TFG:NM_006070:exon5:c.G552A:p.A184A"
3,100748174,100748174,T,C,"exonic","TFG",.,"synonymous SNV","TFG:NM_001007565:exon8:c.T846C:p.P282P,TFG:NM_001195478:exon8:c.T846C:p.P282P,TFG:NM_001195479:exon8:c.T834C:p.P278P,TFG:NM_006070:exon8:c.T846C:p.P282P"
4,169394345,169394345,C,T,"UTR3","NEK1","NM_001374421:c.*165G>A;NM_001374420:c.*165G>A;NM_001199397:c.*165G>A;NM_001374418:c.*165G>A;NM_001374419:c.*165G>A;NM_012224:c.*165G>A;NM_001199399:c.*165G>A;NM_001199400:c.*165G>A;NM_001199398:c.*165G>A",.,.
4,169562167,169562167,A,G,"exonic","NEK1",.,"synonymous SNV","NEK1:NM_001199400:exon12:c.T1050C:p.N350N,NEK1:NM_001374418:exon12:c.T1050C:p.N350N,NEK1:NM_001374423:exon12:c.T1050C:p.N350N,NEK1:NM_012224:exon12:c.T1050C:p.N350N,NEK1:NM_001199397:exon13:c.T1050C:p.N350N,NEK1:NM_001199398:exon13:c.T1050C:p.N350N,NEK1:NM_001199399:exon13:c.T1050C:p.N350N,NEK1:NM_001374419:exon13:c.T1050C:p.N350N,NEK1:NM_001374420:exon13:c.T1050C:p.N350N,NEK1:NM_001374421:exon13:c.T1050C:p.N350N,NEK1:NM_001374422:exon13:c.T1050C:p.N350N"
4,169585285,169585285,G,A,"intronic","NEK1",.,.,.
4,169585374,169585374,C,T,"exonic","NEK1",.,"nonsynonymous SNV","NEK1:NM_001199400:exon9:c.G782A:p.R261H,NEK1:NM_001374418:exon9:c.G782A:p.R261H,NEK1:NM_001374423:exon9:c.G782A:p.R261H,NEK1:NM_012224:exon9:c.G782A:p.R261H,NEK1:NM_001199397:exon10:c.G782A:p.R261H,NEK1:NM_001199398:exon10:c.G782A:p.R261H,NEK1:NM_001199399:exon10:c.G782A:p.R261H,NEK1:NM_001374419:exon10:c.G782A:p.R261H,NEK1:NM_001374420:exon10:c.G782A:p.R261H,NEK1:NM_001374421:exon10:c.G782A:p.R261H,NEK1:NM_001374422:exon10:c.G782A:p.R261H"
5,73776529,73776529,T,C,"exonic","ARHGEF28",.,"nonsynonymous SNV","ARHGEF28:NM_001080479:exon6:c.T673C:p.W225R,ARHGEF28:NM_001177693:exon6:c.T673C:p.W225R"
5,73795301,73795301,T,A,"intronic","ARHGEF28",.,.,.
5,73795403,73795403,C,T,"intronic","ARHGEF28",.,.,.
5,73846471,73846471,C,T,"exonic","ARHGEF28",.,"nonsynonymous SNV","ARHGEF28:NM_001244364:exon4:c.C692T:p.S231L,ARHGEF28:NM_001080479:exon12:c.C1631T:p.S544L,ARHGEF28:NM_001177693:exon12:c.C1631T:p.S544L"
5,73849020,73849020,A,G,"exonic","ARHGEF28",.,"synonymous SNV","ARHGEF28:NM_001244364:exon5:c.A741G:p.S247S,ARHGEF28:NM_001080479:exon13:c.A1680G:p.S560S,ARHGEF28:NM_001177693:exon13:c.A1680G:p.S560S"
5,73852656,73852656,G,A,"exonic","ARHGEF28",.,"nonsynonymous SNV","ARHGEF28:NM_001244364:exon6:c.G815A:p.R272K,ARHGEF28:NM_001080479:exon14:c.G1754A:p.R585K,ARHGEF28:NM_001177693:exon14:c.G1754A:p.R585K"
5,73868006,73868006,C,T,"exonic","ARHGEF28",.,"synonymous SNV","ARHGEF28:NM_001244364:exon11:c.C1344T:p.G448G,ARHGEF28:NM_001080479:exon19:c.C2283T:p.G761G,ARHGEF28:NM_001177693:exon19:c.C2283T:p.G761G"
5,73868140,73868140,C,A,"exonic","ARHGEF28",.,"nonsynonymous SNV","ARHGEF28:NM_001244364:exon12:c.C1399A:p.H467N,ARHGEF28:NM_001080479:exon20:c.C2338A:p.H780N,ARHGEF28:NM_001177693:exon20:c.C2338A:p.H780N"
5,73893320,73893320,G,A,"intronic","ARHGEF28",.,.,.
5,73894416,73894416,C,T,"exonic","ARHGEF28",.,"stopgain","ARHGEF28:NM_001244364:exon21:c.C2743T:p.Q915X,ARHGEF28:NM_001080479:exon29:c.C3682T:p.Q1228X,ARHGEF28:NM_001177693:exon29:c.C3682T:p.Q1228X"
5,73901360,73901360,A,C,"intronic","ARHGEF28",.,.,.
5,73901375,73901375,G,A,"intronic","ARHGEF28",.,.,.
5,73911547,73911547,T,A,"exonic","ARHGEF28",.,"nonsynonymous SNV","ARHGEF28:NM_001244364:exon27:c.T3981A:p.H1327Q,ARHGEF28:NM_001080479:exon35:c.T4920A:p.H1640Q,ARHGEF28:NM_001177693:exon35:c.T4920A:p.H1640Q"
5,139274025,139274025,C,T,"ncRNA_exonic","SNHG4",.,.,.
5,139307313,139307313,-,T,"UTR5","MATR3","NM_001194954:c.-103_-102insT;NM_199189:c.-103_-102insT;NM_018834:c.-103_-102insT;NM_001194955:c.-103_-102insT",.,.
5,139330067,139330067,G,A,"UTR3","MATR3","NM_001282278:c.*672G>A;NM_001194954:c.*672G>A;NM_199189:c.*672G>A;NM_018834:c.*672G>A;NM_001194956:c.*672G>A;NM_001194955:c.*672G>A",.,.
5,139330683,139330683,T,G,"UTR3","MATR3","NM_001282278:c.*1288T>G;NM_001194954:c.*1288T>G;NM_199189:c.*1288T>G;NM_018834:c.*1288T>G;NM_001194956:c.*1288T>G;NM_001194955:c.*1288T>G",.,.
5,151771983,151771983,A,G,"ncRNA_exonic","LOC100652758",.,.,.
5,151804320,151804320,A,G,"UTR3","G3BP1","NM_005754:c.*229A>G;NM_198395:c.*229A>G",.,.
5,179833153,179833153,C,T,"exonic","SQSTM1",.,"synonymous SNV","SQSTM1:NM_003900:exon6:c.C876T:p.D292D,SQSTM1:NM_001142298:exon7:c.C624T:p.D208D,SQSTM1:NM_001142299:exon7:c.C624T:p.D208D"
6,3076907,3076907,T,C,"exonic","RIPK1",.,"synonymous SNV","RIPK1:NM_001354930:exon2:c.T84C:p.F28F,RIPK1:NM_001354931:exon2:c.T84C:p.F28F,RIPK1:NM_003804:exon2:c.T84C:p.F28F"
6,3085375,3085375,G,A,"exonic","RIPK1",.,"nonsynonymous SNV","RIPK1:NM_001354931:exon5:c.G667A:p.E223K,RIPK1:NM_001354930:exon6:c.G805A:p.E269K,RIPK1:NM_003804:exon6:c.G805A:p.E269K,RIPK1:NM_001354932:exon7:c.G316A:p.E106K,RIPK1:NM_001354933:exon7:c.G316A:p.E106K,RIPK1:NM_001354934:exon7:c.G316A:p.E106K,RIPK1:NM_001317061:exon8:c.G316A:p.E106K"
6,3114726,3114726,C,G,"UTR3","RIPK1","NM_003804:c.*1387C>G;NM_001317061:c.*1387C>G;NM_001354932:c.*1387C>G;NM_001354931:c.*1387C>G;NM_001354934:c.*1387C>G;NM_001354933:c.*1387C>G;NM_001354930:c.*1387C>G",.,.
6,109743849,109743851,CAA,-,"intronic","FIG4",.,.,.
6,109785031,109785031,A,G,"intronic","FIG4",.,.,.
6,109825100,109825100,G,A,"exonic","FIG4",.,"synonymous SNV","FIG4:NM_014845:exon23:c.G2559A:p.S853S"
7,26197671,26197671,T,C,"exonic","HNRNPA2B1",.,"nonsynonymous SNV","HNRNPA2B1:NM_002137:exon2:c.A68G:p.E23G,HNRNPA2B1:NM_031243:exon3:c.A104G:p.E35G"
8,100268855,100268855,C,T,"exonic","RNF19A",.,"nonsynonymous SNV","RNF19A:NM_001353837:exon5:c.G1121A:p.G374E,RNF19A:NM_001353838:exon5:c.G1121A:p.G374E,RNF19A:NM_183419:exon5:c.G1121A:p.G374E,RNF19A:NM_001280539:exon6:c.G1121A:p.G374E,RNF19A:NM_015435:exon6:c.G1121A:p.G374E"
9,27546623,27546623,A,G,"UTR3","C9orf72","NM_001256054:c.*1613T>C;NM_018325:c.*1613T>C",.,.
9,27560209,27560209,G,A,"intronic","C9orf72",.,.,.
9,27560596,27560596,T,C,"UTR3","C9orf72","NM_145005:c.*985A>G",.,.
9,27561470,27561470,-,TGT,"UTR3","C9orf72","NM_145005:c.*110_*111insACA",.,.
9,27562546,27562551,AAATAA,-,"intronic","C9orf72",.,.,.
9,32459452,32459452,T,G,"exonic","DDX58",.,"synonymous SNV","DDX58:NM_014314:exon17:c.A2400C:p.V800V"
9,32466310,32466310,C,T,"exonic","DDX58",.,"nonsynonymous SNV","DDX58:NM_014314:exon16:c.G2317A:p.E773K"
9,32472897,32472897,A,G,"intronic","DDX58",.,.,.
9,32481514,32481518,AAAAA,-,"intronic","DDX58",.,.,.
9,32481511,32481518,AAAAAAAA,-,"intronic","DDX58",.,.,.
9,32488239,32488239,G,C,"intronic","DDX58",.,.,.
9,32488683,32488683,T,C,"intronic","DDX58",.,.,.
9,32526148,32526148,G,A,"exonic","DDX58",.,"nonsynonymous SNV","DDX58:NM_014314:exon1:c.C19T:p.R7C"
9,32526171,32526171,G,A,"UTR5","DDX58","NM_014314:c.-5C>T",.,.
9,32526235,32526235,G,C,"upstream","DDX58","dist=39",.,.
9,35062351,35062351,C,T,"splicing","VCP","NM_007126:exon8:c.812-1G>A;NM_001354928:exon8:c.677-1G>A;NM_001354927:exon8:c.677-1G>A",.,.
9,92026707,92026707,C,T,"intergenic","ROR2;SPTLC1","dist=76479;dist=4440",.,.
9,132261977,132261977,T,C,"UTR3","SETX","NM_015046:c.*2262A>G;NM_001351528:c.*2262A>G;NM_001351527:c.*2262A>G",.,.
9,132264039,132264039,A,C,"UTR3","SETX","NM_015046:c.*200T>G;NM_001351528:c.*200T>G;NM_001351527:c.*200T>G",.,.
9,132264514,132264514,T,C,"exonic","SETX",.,"nonsynonymous SNV","SETX:NM_001351527:exon26:c.A7759G:p.I2587V,SETX:NM_015046:exon26:c.A7759G:p.I2587V,SETX:NM_001351528:exon27:c.A7846G:p.I2616V"
9,132271650,132271650,G,A,"intronic","SETX",.,.,.
9,132281576,132281576,T,C,"splicing","SETX","NM_015046:exon20:c.6547-2A>G;NM_001351528:exon20:c.6547-2A>G;NM_001351527:exon20:c.6547-2A>G",.,.
9,132297025,132297025,A,G,"exonic","SETX",.,"synonymous SNV","SETX:NM_001351527:exon14:c.T5811C:p.D1937D,SETX:NM_001351528:exon14:c.T5811C:p.D1937D,SETX:NM_015046:exon14:c.T5811C:p.D1937D"
9,132298298,132298298,T,C,"exonic","SETX",.,"nonsynonymous SNV","SETX:NM_001351527:exon13:c.A5563G:p.T1855A,SETX:NM_001351528:exon13:c.A5563G:p.T1855A,SETX:NM_015046:exon13:c.A5563G:p.T1855A"
9,132298371,132298371,G,T,"intronic","SETX",.,.,.
9,132300915,132300915,A,T,"intronic","SETX",.,.,.
9,132311741,132311741,G,A,"intronic","SETX",.,.,.
9,132311881,132311881,A,G,"intronic","SETX",.,.,.
9,132327533,132327533,T,C,"exonic","SETX",.,"synonymous SNV","SETX:NM_001351527:exon10:c.A4065G:p.R1355R,SETX:NM_001351528:exon10:c.A4065G:p.R1355R,SETX:NM_015046:exon10:c.A4065G:p.R1355R"
9,132328022,132328022,A,C,"exonic","SETX",.,"nonsynonymous SNV","SETX:NM_001351527:exon10:c.T3576G:p.D1192E,SETX:NM_001351528:exon10:c.T3576G:p.D1192E,SETX:NM_015046:exon10:c.T3576G:p.D1192E"
9,132328451,132328451,G,A,"exonic","SETX",.,"synonymous SNV","SETX:NM_001351527:exon10:c.C3147T:p.H1049H,SETX:NM_001351528:exon10:c.C3147T:p.H1049H,SETX:NM_015046:exon10:c.C3147T:p.H1049H"
9,132329129,132329129,G,C,"exonic","SETX",.,"nonsynonymous SNV","SETX:NM_001351527:exon10:c.C2469G:p.F823L,SETX:NM_001351528:exon10:c.C2469G:p.F823L,SETX:NM_015046:exon10:c.C2469G:p.F823L"
9,132331073,132331073,A,G,"exonic","SETX",.,"synonymous SNV","SETX:NM_001351527:exon9:c.T1077C:p.Y359Y,SETX:NM_001351528:exon9:c.T1077C:p.Y359Y,SETX:NM_015046:exon9:c.T1077C:p.Y359Y"
9,132346210,132346210,G,A,"intronic","SETX",.,.,.
